ResponseID,Cond,Stim->,b1,b2,b3,b4,b5,b6,b7,b8,b9,b10,b11,b12,b13,b14,b15,b16,b17,b18,b19,b20,b21,b22,b23,b24,b25,b26,b27,b28,b29,b30,b31,b32,b33,b34,b35,b36,w1,w2,w3,w4,w5,w6,w7,w8,w9,w10,w11,w12,w13,w14,w15,w16,w17,w18,w19,w20,w21,w22,w23,w24,w25,w26,w27,w28,w29,w30,w31,w32,w33,w34,w35,w36,Stim->,b1,b2,b3,b4,b5,b6,b7,b8,b9,b10,b11,b12,b13,b14,b15,b16,b17,b18,b19,b20,b21,b22,b23,b24,b25,b26,b27,b28,b29,b30,b31,b32,b33,b34,b35,b36,w1,w2,w3,w4,w5,w6,w7,w8,w9,w10,w11,w12,w13,w14,w15,w16,w17,w18,w19,w20,w21,w22,w23,w24,w25,w26,w27,w28,w29,w30,w31,w32,w33,w34,w35,w36,Race,Age,Gender
ResponseID,Cond,Orientation,upright,upright,upright,upright,upright,upright,upright,upright,upright,upright,upright,upright,upright,upright,upright,upright,upright,upright,upright,upright,upright,upright,upright,upright,upright,upright,upright,upright,upright,upright,upright,upright,upright,upright,upright,upright,upright,upright,upright,upright,upright,upright,upright,upright,upright,upright,upright,upright,upright,upright,upright,upright,upright,upright,upright,upright,upright,upright,upright,upright,upright,upright,upright,upright,upright,upright,upright,upright,upright,upright,upright,upright,Orientation,inverted,inverted,inverted,inverted,inverted,inverted,inverted,inverted,inverted,inverted,inverted,inverted,inverted,inverted,inverted,inverted,inverted,inverted,inverted,inverted,inverted,inverted,inverted,inverted,inverted,inverted,inverted,inverted,inverted,inverted,inverted,inverted,inverted,inverted,inverted,inverted,inverted,inverted,inverted,inverted,inverted,inverted,inverted,inverted,inverted,inverted,inverted,inverted,inverted,inverted,inverted,inverted,inverted,inverted,inverted,inverted,inverted,inverted,inverted,inverted,inverted,inverted,inverted,inverted,inverted,inverted,inverted,inverted,inverted,inverted,inverted,inverted,Please indicate your race:,"What is your age? (To the nearest year, please enter a whole number / below).",Please indicate your gender:
R_cPbuhYRebsrAeyh,Trust,1,3,4,4,4,5,6,4,5,5,4,6,3,5,5,3,4,6,4,6,2,5,3,4,3,5,3,5,6,6,4,4,5,5,4,5,5,6,3,7,4,5,5,2,4,6,3,6,4,2,2,3,3,6,4,4,6,4,5,7,3,4,3,4,6,3,5,3,2,4,5,4,2,1,2,6,3,5,4,7,2,5,5,3,5,4,2,4,5,4,5,3,4,2,3,6,3,3,3,5,2,5,4,2,5,6,4,4,4,3,4,3,4,5,3,5,5,6,5,4,5,4,3,3,2,4,4,3,4,2,5,6,1,5,6,6,2,4,5,5,5,5,3,4,5,3,white,49,female
R_cNsI300HtUnhoSV,Trust,1,3,5,4,3,5,4,4,5,4,3,3,5,5,5,6,5,4,3,2,4,6,4,4,5,4,4,4,4,5,2,3,4,4,4,5,4,4,3,3,2,3,4,5,4,3,3,5,3,4,4,5,3,3,5,5,4,4,3,3,4,4,3,4,3,4,3,4,4,3,5,4,2,1,4,4,3,4,5,3,3,3,2,3,3,4,5,5,4,4,3,4,4,4,4,4,3,3,4,5,3,3,3,4,2,3,4,3,4,4,4,3,4,3,3,4,5,3,5,5,4,3,3,4,4,5,3,3,5,3,3,5,4,2,5,4,5,3,3,2,2,3,3,4,4,3,asian,29,male
R_6JaAAIxy4mSitV3,Trust,1,4,5,4,4,3,4,4,4,4,5,4,5,5,5,5,4,4,4,5,5,5,5,4,5,4,5,5,5,4,4,5,4,4,5,4,5,4,3,4,4,4,5,4,4,3,5,6,4,4,4,4,5,4,4,4,4,5,4,4,4,5,5,5,6,4,4,3,3,5,4,4,3,1,5,5,4,4,5,5,4,5,4,4,4,5,5,5,5,5,4,5,4,5,5,5,4,5,5,4,5,5,5,4,4,5,4,5,4,5,4,5,3,5,3,4,3,4,4,5,4,3,3,3,5,3,3,3,5,3,4,5,4,4,6,5,5,5,5,5,4,4,5,4,5,4,Asian,43,female
R_9XHjtdsHn3JX0ix,Trust,1,1,3,1,1,2,2,3,2,2,2,2,3,2,2,2,1,1,2,1,3,2,3,3,3,2,2,1,3,3,2,3,1,2,2,2,2,3,2,4,4,3,3,2,2,3,4,4,2,4,2,2,1,3,2,2,4,4,2,1,2,4,5,1,2,2,2,1,1,2,1,1,2,1,2,2,2,2,2,3,2,3,2,1,1,3,2,2,2,3,2,2,2,2,2,2,2,3,2,2,2,2,2,2,2,2,2,2,2,2,3,2,4,4,3,3,4,4,4,4,4,4,4,3,2,1,3,2,1,3,3,3,1,2,2,4,2,3,2,1,2,2,1,2,4,4,white,26,female
R_0PbtUWktOmu0YpT,Trust,1,5,5,5,5,5,5,5,5,5,5,5,5,5,5,5,5,5,5,5,5,5,5,5,5,5,5,5,5,5,5,5,5,5,5,5,5,5,5,5,5,5,5,5,5,5,5,5,5,5,5,5,5,5,5,5,5,5,5,5,5,5,5,5,5,5,5,5,5,5,5,5,5,1,5,5,5,5,5,5,5,5,5,5,5,5,5,5,5,5,5,5,5,5,5,5,5,5,5,5,5,5,5,5,5,5,5,5,5,5,5,5,5,5,5,5,5,5,5,5,5,5,5,5,5,5,5,5,5,5,5,5,5,5,5,5,5,5,5,5,5,5,5,5,5,5,white,44,male
R_73zxMIn24J6ER01,Trust,1,4,7,4,4,6,5,5,6,4,7,6,4,7,5,7,5,4,5,5,7,7,6,7,6,6,6,6,6,6,6,6,5,6,6,7,6,4,6,5,7,5,4,3,6,4,5,4,4,4,4,7,6,6,4,6,6,6,7,5,5,7,6,6,7,6,4,3,6,5,4,6,6,1,6,6,6,7,6,5,6,5,5,6,6,5,5,6,7,5,5,4,5,5,6,5,6,6,6,6,6,6,5,5,5,5,5,6,6,5,6,3,6,6,3,5,4,4,5,5,5,5,6,4,5,4,4,6,4,5,5,5,3,6,6,5,4,6,6,5,3,4,4,5,5,6,white,54,female
R_8HvGxWajSE0Hpyd,Trust,1,5,5,5,5,5,5,5,6,5,5,5,6,5,5,5,4,5,5,5,5,5,5,5,5,5,5,5,5,5,5,5,5,5,5,5,5,5,5,5,5,6,5,6,5,5,5,5,5,5,5,4,6,5,6,5,5,5,5,5,5,5,5,5,5,5,5,5,5,5,5,5,5,1,3,3,3,3,3,3,3,3,3,3,3,3,3,3,3,3,3,3,3,3,4,3,3,3,3,3,4,3,3,3,3,3,3,3,3,3,3,3,3,3,3,3,3,3,3,3,3,3,3,3,3,3,3,3,3,3,3,3,4,4,4,4,3,4,3,3,3,4,3,5,3,3,white,30,male
R_4PeUHdcyab7Y2nb,Trust,1,2,4,2,3,4,5,2,1,2,4,1,4,4,5,6,5,1,2,2,5,3,3,2,5,3,6,2,3,4,1,3,2,4,4,2,1,3,1,2,3,3,5,1,5,3,2,4,3,2,1,1,3,3,2,2,2,5,2,1,6,5,3,1,5,1,3,2,3,3,1,2,1,1,4,3,3,4,4,4,2,3,2,4,2,3,4,3,3,3,1,2,2,4,2,2,3,4,2,3,3,3,4,2,2,5,3,4,6,3,4,3,3,2,4,2,1,3,5,3,3,2,4,1,1,3,2,1,4,3,2,2,3,4,5,2,2,3,3,2,4,5,1,2,2,2,White,59,Female
R_3NLlwS43i4zIMy9,Trust,1,1,4,2,4,5,3,3,3,4,2,3,5,5,2,3,5,4,3,1,3,2,1,1,3,3,4,2,3,3,3,2,2,4,4,2,2,4,2,5,7,4,4,4,3,4,5,3,4,5,3,5,3,2,2,3,4,6,3,2,3,5,5,1,5,2,2,2,2,2,3,2,3,1,3,2,2,3,3,5,2,3,2,2,3,2,3,3,3,2,4,3,2,6,2,3,2,3,3,4,2,2,4,2,2,2,4,5,2,3,5,2,6,4,5,5,5,3,3,4,4,4,5,2,3,3,3,4,2,2,4,4,3,2,5,7,3,3,3,4,6,2,3,7,6,3,white,24,male
R_6WfzR4Uyfc0eidn,Trust,1,1,3,1,2,4,1,1,2,3,3,2,2,3,2,6,2,1,1,1,4,3,5,4,4,1,6,6,5,4,1,2,5,4,5,2,6,2,1,4,6,5,4,2,3,3,4,5,3,6,2,1,2,2,1,4,3,6,5,3,5,6,4,2,6,4,2,2,4,6,3,4,4,1,4,5,3,4,4,6,3,6,2,2,4,4,5,5,4,3,2,1,3,2,2,3,4,3,2,3,5,4,2,2,3,2,3,2,3,4,4,2,5,5,4,6,5,5,3,3,4,5,3,4,2,3,3,3,3,5,5,5,6,2,5,5,3,4,2,3,5,4,6,4,4,4,caucasian,45,female
R_6FqLxi9dF3mZSrr,Trust,1,2,3,4,5,6,4,3,4,4,5,3,5,6,6,6,5,4,4,3,3,4,6,5,3,4,5,4,5,4,3,4,4,5,5,6,4,5,4,5,4,4,4,3,2,4,5,4,6,3,6,4,3,6,3,4,7,5,6,2,6,4,5,5,7,6,2,6,2,4,6,5,4,1,4,5,4,5,6,4,3,4,4,3,3,5,5,3,5,6,5,4,4,5,4,4,4,3,3,4,4,5,3,3,4,4,4,4,4,4,6,3,6,4,4,5,3,6,5,5,4,6,5,4,4,3,5,3,3,3,5,6,4,6,5,5,3,6,5,3,4,3,4,6,5,4,Caucasian,56,Femaie
R_bgD7ulovSaikPKB,Trust,1,3,5,4,4,3,5,3,3,4,3,4,3,2,3,4,3,3,3,5,4,6,4,6,5,6,5,5,5,4,5,6,5,6,3,4,6,5,4,4,4,5,3,4,2,5,3,4,4,4,3,2,5,4,5,3,3,4,5,5,3,3,6,2,5,3,4,4,3,6,5,3,6,1,3,4,4,5,3,5,6,3,5,3,5,3,5,5,3,5,3,4,5,5,5,4,5,4,5,6,4,4,5,3,4,5,4,4,2,4,2,3,5,2,4,4,2,4,4,3,5,3,5,3,5,4,5,3,4,5,4,5,3,3,5,5,5,5,5,3,3,3,5,3,4,3,white,41,f
R_difGFwTeiYiL0I5,Trust,1,3,3,3,3,3,3,3,3,3,3,3,3,3,3,3,4,3,5,3,3,3,3,3,4,3,3,3,3,3,3,3,3,3,3,3,3,1,2,3,3,3,3,2,2,3,3,3,3,3,3,3,2,3,3,3,2,3,3,3,3,3,3,3,3,2,3,2,2,3,3,2,3,1,3,3,3,3,3,3,3,3,3,2,3,3,3,4,3,3,3,4,3,3,3,3,3,3,3,3,3,3,3,3,3,3,3,3,3,3,3,2,3,3,3,3,3,3,3,3,3,3,3,3,3,3,3,3,3,3,3,3,2,3,4,3,3,3,2,3,2,2,3,4,3,3,Caucasian,33,Male
R_5jxaw6WkoEj9TmZ,Trust,1,4,4,3,2,2,4,3,4,3,2,3,2,4,4,4,3,2,3,2,3,2,3,2,3,3,3,4,3,2,2,2,3,3,2,2,2,2,2,4,3,4,4,2,3,4,3,4,3,4,4,4,2,3,4,4,4,3,3,2,4,3,3,2,3,4,3,3,3,3,4,3,2,1,3,3,2,2,2,3,3,3,3,2,2,3,2,3,3,2,2,2,3,3,2,2,4,3,4,3,4,2,2,2,2,3,3,4,2,3,3,2,3,3,3,3,3,3,3,4,3,3,3,2,3,2,3,2,3,2,3,4,3,3,4,3,2,3,4,2,3,3,3,3,3,2,white,33,male
R_5BFh1cPkqH9dHCJ,Trust,1,2,7,2,6,2,5,4,6,6,4,6,2,4,6,7,6,6,4,3,3,5,3,4,3,6,5,5,6,3,5,4,3,6,4,5,4,2,2,5,6,6,6,3,3,6,6,5,5,4,6,3,5,5,2,4,5,5,3,5,4,6,6,5,4,4,3,6,4,6,6,5,2,1,2,2,3,5,3,5,2,4,2,3,5,5,3,5,6,5,2,2,3,5,4,4,5,3,5,5,6,2,5,2,4,5,2,3,4,4,4,3,6,3,6,2,4,3,4,4,5,5,4,5,6,2,3,2,6,5,5,1,5,3,5,5,4,4,4,6,5,5,4,6,2,5,White,67,Female
R_cByJxkPFwJktROJ,Trust,1,2,5,2,3,4,4,4,5,3,4,3,3,3,3,3,4,2,3,2,5,4,2,4,4,4,4,3,5,3,2,4,4,3,4,3,3,2,3,5,3,4,4,2,4,4,4,3,4,3,2,3,3,2,3,3,3,5,4,3,3,4,4,4,4,3,3,4,3,3,4,3,3,1,2,4,4,4,4,4,3,3,3,4,4,4,4,3,3,3,4,4,3,5,3,4,5,5,4,4,4,3,3,2,5,4,4,5,5,5,5,3,4,4,4,5,3,3,3,3,3,4,4,3,4,3,3,3,4,4,3,4,4,3,4,4,4,4,3,4,4,4,5,4,5,3,Hispanic,28,Male
R_3wnKncyoffNtaBL,Trust,1,4,4,4,4,4,4,4,4,4,3,3,4,4,4,4,4,3,4,3,5,4,4,3,4,4,4,4,4,4,3,4,3,3,4,3,3,4,3,4,5,4,4,4,4,4,4,4,4,4,4,4,3,4,4,4,4,4,4,4,3,4,4,4,4,4,4,4,4,4,4,4,4,1,4,4,4,3,3,4,3,4,3,3,3,4,4,3,4,4,3,4,4,3,4,4,4,4,4,4,4,3,4,3,4,4,4,4,4,4,4,3,4,4,4,4,4,4,4,4,4,4,4,3,3,3,4,4,4,4,4,4,4,4,4,4,4,4,4,4,4,4,4,4,3,4,caucasian,31,female
R_1HSb7JCv4UeriXX,Trust,1,4,4,3,4,4,4,4,4,4,5,4,4,5,4,5,4,3,3,4,5,4,5,5,5,5,5,5,5,5,2,5,4,3,5,5,5,3,4,5,5,5,4,4,5,5,5,5,4,5,3,4,4,4,5,5,6,3,4,4,5,6,5,4,5,3,4,4,3,3,4,6,5,1,5,4,4,5,5,4,4,4,5,4,4,5,5,4,5,4,4,3,4,5,4,4,5,4,4,4,5,5,4,4,5,4,4,5,5,4,5,4,5,5,4,5,5,4,5,5,5,4,5,4,3,4,5,4,4,5,4,4,4,3,5,5,4,5,4,4,4,3,3,3,5,4,White,32,Male
R_efcxtiVGr4Y3yIZ,Trust,1,5,4,5,5,5,4,5,5,4,5,5,5,5,4,5,4,4,5,5,4,4,4,5,5,4,5,5,5,5,4,5,5,5,4,4,4,4,5,5,5,5,5,4,4,5,4,5,5,4,5,4,4,5,4,4,5,5,4,5,5,4,4,4,5,3,4,4,5,6,5,5,5,1,4,4,5,4,4,4,5,5,5,4,4,4,5,4,5,4,5,5,4,5,4,4,5,5,5,4,5,5,4,4,5,5,4,4,4,5,4,4,4,5,4,5,4,4,4,5,5,5,5,5,5,5,5,5,4,5,5,6,4,5,4,5,5,4,4,5,5,5,5,6,5,4,White,30,Male
R_e3W71tOAjjdNVnT,Trust,1,3,4,2,4,3,3,3,3,3,3,2,3,4,3,3,2,2,3,3,4,3,3,5,4,3,4,4,4,5,3,3,3,3,5,3,3,2,3,5,5,5,3,1,4,3,3,4,3,3,3,4,3,3,3,2,4,3,3,2,3,4,4,2,3,4,3,4,3,3,3,4,3,1,2,3,2,2,2,4,2,4,2,3,3,3,4,3,4,3,2,2,3,3,3,4,3,3,3,3,3,4,4,2,3,3,3,4,4,3,3,2,4,3,3,3,3,3,2,2,4,2,3,2,3,3,4,2,4,3,3,4,2,2,5,4,4,4,4,2,3,3,4,2,4,3,White,36,Female
R_6M8EscvIksOMBzD,Trust,1,2,5,3,4,6,5,4,5,3,4,4,4,4,5,3,3,2,4,3,4,4,5,3,6,4,4,4,4,4,2,4,4,3,5,2,4,5,2,3,4,6,4,2,2,4,4,4,3,4,3,4,2,2,2,2,3,4,5,4,4,4,4,4,5,2,2,2,2,2,5,1,3,1,4,4,2,4,4,4,4,5,4,2,4,3,4,4,4,4,6,5,4,3,4,4,4,4,4,4,4,5,3,3,4,5,4,4,4,4,5,2,4,4,3,4,2,4,5,4,3,4,3,4,2,3,4,3,4,3,4,4,4,3,3,3,3,4,2,3,2,2,2,4,4,4,white,31,male
R_0ledj8Og8IrXs2h,Trust,1,2,4,3,2,3,3,4,3,3,3,4,2,3,3,4,3,4,3,4,3,3,3,2,3,4,3,4,5,2,3,4,5,4,4,4,3,4,3,3,4,4,4,3,4,3,2,2,4,3,3,3,2,2,3,3,4,4,3,6,4,3,4,3,5,4,2,5,3,2,5,5,4,1,4,3,3,4,3,3,4,3,4,3,3,3,4,3,4,4,3,3,3,2,3,3,2,3,3,2,2,3,3,3,4,3,2,3,3,3,4,3,3,2,4,3,4,2,3,3,4,3,3,2,2,2,3,3,3,4,3,2,3,3,3,3,3,3,2,3,3,2,3,2,3,2,white,27,male
R_3C7GG4RLmId3lUV,Trust,1,3,5,3,4,4,6,4,4,4,3,2,4,5,4,5,4,3,3,2,5,3,4,5,6,5,3,4,4,3,3,3,4,3,4,3,3,4,3,5,6,5,3,3,3,4,5,4,5,4,2,5,3,4,4,4,6,4,4,5,3,6,3,4,5,3,3,4,5,4,5,5,3,1,4,5,3,5,5,4,3,3,4,3,4,4,5,5,3,4,4,4,3,6,5,5,4,5,5,5,4,5,5,3,5,5,6,6,5,5,3,3,5,4,4,3,3,4,3,3,4,3,3,4,4,3,3,4,5,6,5,5,6,4,6,6,6,5,4,5,5,5,5,5,5,4,Caucasian,21,Male
R_3eAzhNuW72Jcd93,Trust,1,1,6,1,4,5,1,7,1,5,5,4,4,7,2,4,4,1,3,1,5,7,4,7,5,4,4,6,4,6,1,6,2,4,6,1,4,2,1,5,6,1,6,3,6,3,4,7,4,6,5,2,1,3,1,1,6,5,5,2,1,7,4,1,5,3,2,1,1,4,2,3,2,1,5,5,3,6,5,5,7,5,6,5,5,7,6,5,6,5,7,4,1,6,5,5,6,7,5,3,6,5,5,2,7,6,3,4,6,6,5,1,5,2,3,6,5,6,1,6,2,3,5,1,1,1,5,4,4,5,6,4,3,5,5,5,4,5,6,4,3,7,6,2,6,2,Black,21,Male
R_0TAnCXlWUwU2HSB,Trust,1,4,4,3,5,3,2,4,4,5,3,5,4,3,3,3,4,4,4,5,4,4,2,3,3,6,4,3,4,5,5,5,3,2,4,4,4,3,3,4,4,3,2,3,4,5,3,3,3,4,2,3,3,3,3,4,5,4,4,4,3,4,5,4,2,3,2,4,4,4,3,4,3,1,4,3,4,4,3,4,5,5,3,3,4,4,2,5,5,3,3,5,2,4,3,4,3,3,3,5,4,3,2,4,5,4,5,5,4,4,3,3,4,4,6,4,3,4,4,3,4,5,4,3,3,4,5,4,3,4,5,3,4,4,4,3,4,3,4,3,6,4,4,4,4,5,american,24,male
R_6xrmRRiYnhhqTaJ,Trust,1,5,7,3,6,5,4,6,4,5,4,4,4,7,4,5,6,4,4,5,6,5,5,5,5,6,5,6,6,5,3,6,5,6,5,4,5,5,3,7,5,3,6,4,6,5,2,4,4,3,3,3,4,2,3,2,6,4,5,3,3,6,5,4,6,4,3,4,4,4,3,4,5,1,5,6,6,5,6,5,6,6,6,5,6,4,5,3,5,5,6,4,5,6,6,5,5,5,5,6,6,5,5,5,5,5,3,6,6,6,6,3,4,3,4,5,3,5,2,6,3,5,5,5,3,6,5,5,3,3,4,5,6,3,4,4,5,5,3,3,3,4,5,4,5,2,Asian,35,female
R_8eNI5NEoFh2Ycw5,Trust,1,2,4,1,3,3,3,2,3,3,1,4,4,4,3,4,3,3,3,3,3,3,4,4,3,2,4,2,4,1,1,3,4,2,4,3,3,4,1,3,4,4,3,1,1,4,2,4,4,4,2,3,1,3,2,3,2,4,2,1,2,4,2,2,3,1,2,2,2,2,2,1,1,1,3,4,3,3,2,4,1,4,3,1,1,2,2,1,2,4,3,4,3,3,4,4,3,4,4,3,3,4,3,1,4,4,4,4,2,4,3,1,3,3,3,4,2,3,2,3,4,3,3,1,1,1,3,1,4,4,3,3,4,3,4,4,3,2,1,3,2,3,2,4,1,3,White,27,Male
R_bPjeUZmgQ2rouOh,Trust,1,1,4,2,1,1,6,4,2,2,5,1,1,4,2,1,1,2,2,1,2,1,2,1,3,1,4,3,4,1,1,3,2,1,2,1,4,3,1,3,6,2,3,3,1,3,2,3,4,2,3,1,1,2,4,1,2,4,5,1,5,4,5,2,3,3,1,1,1,3,4,1,2,1,1,2,1,1,3,3,4,1,4,2,3,1,2,1,1,3,2,1,1,3,3,1,2,3,1,4,5,4,1,1,2,3,3,6,1,5,2,4,1,4,1,5,2,1,1,2,1,4,2,1,1,2,1,1,3,1,5,2,1,2,5,4,3,2,1,2,4,1,3,6,2,3,African American,35,female
R_9WsPp3yemGAJekJ,Trust,1,3,4,4,5,3,3,3,4,2,3,4,2,2,4,3,3,4,4,1,5,3,4,4,4,2,4,4,4,4,7,5,6,4,6,4,3,3,3,4,3,3,3,6,4,1,3,2,2,2,5,1,5,3,4,4,2,4,4,1,4,4,2,7,2,2,2,2,2,2,2,2,1,1,4,5,6,4,4,2,3,1,3,2,7,4,3,7,4,2,4,3,3,2,3,2,1,4,6,5,4,4,5,3,2,4,6,4,3,5,4,1,2,3,4,5,4,4,3,4,7,4,2,4,3,4,1,2,3,4,7,3,1,3,3,6,5,7,4,6,1,1,2,4,3,2,white,31,Male
R_aV4mCsCkdJjxMZ7,Trust,1,2,2,2,2,1,2,2,2,2,2,1,1,2,1,2,2,2,2,2,3,2,3,2,5,2,2,2,2,3,2,4,2,2,2,2,2,2,2,3,2,2,3,3,2,3,4,3,3,2,2,3,2,3,2,2,2,2,4,2,3,2,2,3,3,2,2,2,3,2,4,2,2,1,2,2,2,2,2,2,2,2,2,2,2,2,2,2,2,2,2,2,2,2,1,2,2,2,2,2,1,2,2,2,1,2,2,1,2,2,4,2,2,2,2,2,4,2,2,2,2,5,3,3,3,2,2,3,2,2,3,2,3,4,2,2,2,1,2,2,2,3,1,3,2,3,white,22,male
R_2f9tuJfk639YQzX,Trust,1,4,5,5,3,4,4,5,5,3,6,6,3,5,5,3,5,6,3,5,5,4,4,6,6,5,5,6,4,5,4,5,4,5,4,5,4,3,4,4,5,3,4,5,3,4,1,5,5,5,4,6,3,3,3,6,4,5,6,4,4,6,5,6,6,6,4,6,6,6,5,4,6,1,5,4,4,4,3,4,3,3,5,4,3,3,2,4,3,3,3,3,4,5,3,5,4,5,5,3,6,5,4,2,4,6,3,3,6,5,3,4,5,5,3,5,5,4,3,5,5,5,4,4,6,5,3,6,5,4,4,5,3,6,5,5,6,3,4,6,4,3,4,5,2,3,white,22,male
R_8AG89PqJ0SASGP3,Trust,1,4,4,3,4,5,4,5,5,3,5,3,4,5,4,5,4,3,3,5,6,5,4,4,4,4,5,4,4,5,4,5,5,3,5,5,4,3,4,4,4,4,5,2,3,5,4,5,4,3,3,4,4,2,3,4,4,3,5,3,3,5,5,4,3,4,4,2,2,3,3,4,3,1,3,4,3,3,4,4,3,4,2,3,4,3,4,4,4,4,3,4,4,4,4,4,4,3,3,4,5,4,4,3,4,4,3,4,3,5,4,4,4,5,4,5,5,3,4,4,5,3,4,3,4,3,4,3,4,4,4,3,3,3,4,4,4,4,3,4,5,3,4,5,4,3,White,24,Male
R_7WmhD9zvHGjx1K5,Trust,1,3,4,3,4,3,3,4,3,3,3,3,3,3,2,4,3,4,3,4,4,2,3,3,3,4,3,3,3,4,3,4,3,3,5,3,4,3,2,3,3,3,4,3,2,3,2,3,4,2,3,2,3,3,3,3,4,3,4,3,3,4,5,3,4,3,4,3,3,4,3,4,4,1,3,3,2,3,3,3,3,3,3,3,3,2,3,2,2,3,4,4,3,3,2,2,3,2,3,2,3,2,4,2,2,2,1,2,3,3,2,3,2,4,3,4,3,5,3,3,4,3,3,3,2,3,3,3,2,3,2,3,2,3,3,3,2,3,2,2,2,2,3,2,3,3,White,22,Male
R_08mEPrI0zEjqnbL,Trust,1,3,5,4,5,4,5,3,3,5,4,5,5,5,3,5,3,5,3,5,3,4,5,5,5,5,2,4,3,4,5,5,5,5,5,5,5,5,5,5,5,5,4,5,4,4,3,3,5,4,5,4,5,5,4,5,3,3,4,4,4,5,4,5,4,4,4,4,5,5,5,5,4,1,4,3,4,5,5,5,4,5,3,5,5,4,5,3,5,3,5,3,5,4,3,4,5,4,3,5,3,5,5,5,3,5,5,5,5,5,5,3,5,3,4,3,5,5,4,5,5,4,5,5,5,4,5,4,3,5,3,3,3,5,5,5,3,4,5,4,5,5,3,5,3,5,White,34,Male
R_7V48yGTgQKY5mBL,Trust,1,4,6,3,4,5,5,4,4,5,4,5,4,6,5,6,5,2,5,3,5,4,5,4,5,4,4,5,5,5,3,4,4,5,6,3,4,4,3,6,5,3,6,2,3,4,5,5,4,5,3,3,4,3,3,4,5,5,4,3,4,6,4,3,5,4,3,4,3,4,5,6,2,1,4,4,4,4,6,5,4,4,3,4,4,5,4,4,5,5,3,4,4,6,3,5,4,6,4,4,4,5,4,3,4,4,4,6,4,5,4,3,6,6,5,5,4,3,2,4,5,4,5,3,4,3,4,3,3,3,4,4,4,3,6,5,3,5,4,4,4,4,4,4,5,3,white,28,male
R_7UkjjtitHoVSb8p,Trust,1,1,3,1,1,1,2,1,1,1,2,1,1,2,1,2,2,1,1,2,3,2,3,2,3,3,2,2,1,2,1,3,2,3,4,1,2,1,1,4,5,4,3,1,2,3,3,1,3,1,1,2,2,1,2,2,2,2,4,1,3,3,2,2,3,2,1,1,2,2,2,1,2,1,2,2,1,2,2,3,2,3,2,2,2,1,3,2,3,1,1,2,2,2,2,1,2,2,2,2,1,1,2,1,2,2,2,2,1,1,3,2,3,3,2,4,3,2,1,2,3,3,3,2,3,1,2,2,1,2,3,3,3,3,4,1,1,3,1,1,1,1,1,2,4,2,White,35,F
R_43mFvJZbPg6eFHn,Trust,1,4,5,4,5,3,5,4,4,4,4,4,4,5,5,6,5,3,4,3,4,5,5,5,5,4,4,6,4,4,3,5,4,5,5,5,4,4,4,4,5,4,4,3,5,5,5,5,5,4,4,5,3,5,4,5,5,5,4,4,4,6,5,3,5,5,4,4,4,4,3,4,4,1,4,4,3,4,4,5,4,4,4,5,5,4,5,5,5,4,3,4,4,5,5,4,4,5,5,5,4,5,4,3,4,4,5,5,4,4,4,4,4,5,4,4,3,4,5,4,5,4,4,4,4,4,4,4,4,4,4,4,3,4,5,5,4,4,4,4,3,4,4,4,4,4,white,57,female
R_4UE5SNIQqxYXKOV,Trust,1,1,2,1,2,2,2,2,2,2,2,2,2,2,2,2,2,2,2,1,2,2,2,2,2,2,2,2,2,2,2,2,2,2,2,3,1,5,4,6,6,6,7,4,4,6,5,6,5,5,5,5,5,5,4,5,6,6,6,5,3,7,7,5,4,4,5,5,5,5,5,6,4,1,2,2,2,2,2,2,2,2,2,3,2,2,2,2,2,2,2,2,1,2,2,2,2,2,2,2,2,2,2,2,2,2,2,2,2,2,6,6,7,7,6,6,6,6,6,6,6,6,6,5,5,4,6,5,5,6,6,6,5,6,6,6,6,6,5,4,5,5,5,5,5,6,White,41,Male
R_9zrWtqNnUgzOTXf,Trust,1,5,5,5,4,4,5,4,5,5,5,5,5,5,5,5,5,4,5,5,5,5,5,5,5,5,5,5,5,5,5,5,5,5,5,5,5,5,5,5,5,5,5,5,5,5,4,5,5,4,4,5,5,5,5,5,5,5,5,5,5,5,5,5,5,5,5,5,4,5,5,5,5,1,5,5,5,5,5,5,5,5,5,5,5,5,5,5,5,5,5,5,5,5,5,5,5,5,5,5,5,5,5,5,5,5,5,5,5,5,5,5,5,5,5,5,5,5,5,5,5,5,5,5,5,5,5,5,5,5,5,5,4,5,5,5,5,5,5,5,5,4,5,4,4,5,white,42,femal
R_5sBuaqd74dq3xTn,Trust,1,3,4,4,2,5,4,3,3,3,2,3,2,5,3,3,4,3,3,4,6,4,5,4,4,5,3,6,6,2,4,4,5,5,6,3,4,5,4,3,4,3,3,4,4,5,5,4,4,3,3,2,3,2,3,2,5,6,4,3,2,5,2,5,5,3,2,4,2,5,3,2,2,1,3,3,3,5,5,3,2,4,3,4,3,4,4,3,4,5,3,3,4,4,4,4,5,2,4,5,4,4,3,4,3,6,3,5,4,3,6,2,3,5,3,4,3,2,2,5,4,4,2,3,4,2,4,3,4,2,3,3,3,3,2,3,2,3,4,2,2,4,3,2,2,3,white,43,male
R_9HWGM121AQlufnD,Trust,1,5,4,6,4,5,5,4,4,4,6,5,5,5,4,4,4,5,5,5,2,2,2,5,4,2,2,3,5,4,4,5,5,3,3,2,3,4,4,4,4,5,4,4,5,4,4,6,4,2,5,5,6,4,4,5,4,5,3,4,2,2,5,3,3,3,2,3,4,2,5,4,2,1,6,2,5,4,6,3,5,3,6,2,6,4,4,6,3,5,2,3,4,6,2,3,5,4,3,7,4,4,6,6,4,4,4,5,5,5,2,6,2,6,2,6,2,2,2,2,4,2,4,2,4,2,4,2,4,6,3,4,5,4,4,5,4,3,5,6,4,5,5,6,5,5,Caucasian,33,male
R_1Fl6nk979KDQgy9,Trust,1,4,4,3,4,5,4,4,4,4,3,4,3,3,4,3,3,4,3,5,4,4,3,4,4,4,3,3,4,4,3,4,4,4,3,3,4,4,4,4,4,4,3,3,3,4,3,4,4,4,4,3,3,3,4,4,3,3,3,4,3,3,4,3,3,4,4,3,4,3,3,4,4,1,3,3,3,3,3,3,3,3,4,3,4,4,2,3,3,3,3,4,3,3,3,3,3,4,3,3,3,3,3,4,3,4,3,4,4,4,4,3,4,3,4,3,3,3,4,3,3,4,4,3,3,4,3,4,3,3,4,4,3,3,3,4,4,3,3,5,3,4,4,4,4,4,White,26,Male
R_7NzutBmRq80w3hH,Trust,1,3,4,2,3,4,3,3,3,3,4,2,3,4,3,4,3,2,3,2,4,4,4,3,4,4,4,2,3,3,2,4,3,3,4,3,3,3,3,4,4,3,4,3,4,4,4,4,4,3,5,4,2,4,3,3,3,3,4,3,3,5,3,3,3,4,3,3,3,3,4,4,3,1,2,3,2,2,3,4,3,3,4,3,2,2,3,2,3,2,2,2,4,4,4,3,4,4,3,4,3,4,4,4,3,3,2,4,4,3,3,2,3,4,3,3,2,3,3,3,3,3,3,2,3,3,3,2,3,4,4,4,3,4,5,4,3,4,3,4,3,3,4,3,4,3,White,31,Male
R_a5g2JKKUxbWtSER,Trust,1,1,2,3,1,2,5,2,2,1,1,2,4,3,3,7,4,4,1,4,5,1,4,4,4,4,4,3,3,5,2,2,2,4,4,6,3,1,1,6,5,4,4,1,1,4,4,5,5,3,3,1,2,4,1,2,2,2,4,2,2,4,5,2,2,1,1,2,3,2,3,3,3,1,3,3,3,4,5,5,2,3,2,1,2,3,2,2,4,3,4,3,4,4,1,3,2,5,3,3,2,2,5,3,2,2,4,4,4,2,4,3,5,4,3,2,2,3,2,4,2,1,3,1,2,4,5,5,4,3,4,3,1,3,3,5,4,3,2,3,3,2,2,3,2,3,Caucasian,24,Male
R_bszXamOWil8qsGF,Trust,1,3,4,5,4,4,4,5,4,4,5,4,4,4,4,4,3,3,3,5,5,4,5,4,5,5,5,5,5,4,3,4,4,4,4,5,4,5,4,6,3,5,5,4,6,5,4,6,4,5,4,4,3,5,3,4,5,4,5,3,6,5,5,3,6,4,6,5,4,3,5,6,4,1,4,4,3,4,4,4,4,4,4,4,4,4,4,4,4,4,3,3,4,4,4,3,5,4,4,4,3,4,4,4,4,3,4,4,5,4,5,5,6,5,5,5,5,5,5,5,6,5,5,5,5,5,5,5,3,5,3,4,3,5,6,5,4,5,3,5,5,5,3,4,4,4,white,29,male
R_5mqLaB31tY7qXv7,Trust,1,2,3,1,2,2,3,2,2,3,3,2,3,3,2,4,4,1,2,2,4,2,3,4,4,4,4,3,3,2,2,4,3,4,4,2,2,2,3,6,6,4,4,2,5,4,3,5,3,5,3,3,2,4,3,3,5,5,5,2,4,3,3,3,4,3,2,2,2,3,2,3,2,1,2,3,2,2,2,3,3,4,3,3,3,3,4,2,2,3,2,2,2,3,2,2,4,4,4,4,4,5,2,2,3,3,2,3,3,3,3,2,4,4,3,3,2,3,3,4,5,4,3,2,5,2,4,3,4,4,4,4,2,5,5,4,3,3,3,2,3,2,2,3,5,3,caucasian,43,male
R_6u7LJirudKzhWWV,Trust,1,1,4,2,3,2,4,4,4,5,5,4,3,4,5,6,5,2,3,4,3,4,4,5,5,6,6,6,4,4,3,5,5,4,4,6,3,3,4,5,6,7,7,3,4,6,5,6,5,5,4,5,5,6,5,5,7,4,4,4,6,6,6,4,5,4,3,3,4,4,2,5,5,1,4,3,2,4,4,6,5,5,6,5,3,2,4,4,4,5,3,6,5,4,4,3,3,5,4,5,4,4,4,4,3,5,4,3,5,3,6,6,4,6,5,6,4,4,6,5,6,4,4,3,6,5,6,6,6,6,6,4,3,5,6,6,5,6,3,4,3,4,3,4,6,6,white,22,male
R_2i5gXqwZJ5W8YbX,Trust,1,3,2,5,3,4,2,4,3,3,3,2,4,4,3,2,2,3,5,5,6,4,4,5,5,5,5,5,5,5,6,5,3,5,5,5,6,3,2,4,5,5,5,2,3,5,4,5,4,4,3,4,3,4,4,4,4,5,5,5,5,5,5,5,4,4,5,4,5,5,4,6,5,1,4,4,4,5,5,3,3,3,3,3,3,3,3,3,3,3,3,4,2,2,4,3,4,4,3,3,3,4,4,5,4,3,5,3,4,4,3,4,4,5,5,5,5,5,4,4,4,4,4,4,4,4,4,4,4,2,4,4,5,4,4,3,3,5,4,4,4,3,5,5,4,4,White,27,Male
R_eqRB1SlesfuyWXP,Trust,1,1,5,4,3,2,4,3,2,3,5,3,3,5,3,5,4,3,6,3,5,5,3,5,6,6,4,4,5,4,4,5,4,6,4,4,3,3,4,4,5,5,2,3,4,4,4,4,4,3,2,5,2,4,4,3,6,3,4,5,6,6,5,5,6,2,4,3,5,4,4,3,3,1,3,3,5,3,4,6,4,5,3,5,6,4,3,4,4,3,3,5,4,4,3,4,3,5,5,4,4,4,3,5,3,4,4,3,3,2,4,3,5,5,6,4,5,4,3,3,3,4,3,2,3,3,4,3,3,3,3,3,3,3,5,3,2,4,3,2,3,4,4,3,2,3,White,25,Male
R_e5NNiatI9VinqTj,Trust,1,1,5,1,4,2,5,4,3,3,6,2,2,4,3,5,4,2,4,1,5,1,4,3,3,5,6,4,2,3,1,3,2,5,5,3,3,3,1,3,4,3,2,2,2,2,1,2,1,2,1,2,1,6,2,1,2,2,2,1,3,5,2,1,3,1,1,1,1,1,1,2,2,1,2,2,2,2,3,4,4,3,3,3,3,4,5,6,5,4,3,4,3,3,2,4,2,3,5,6,3,4,2,4,2,3,5,4,3,4,3,2,3,5,3,4,3,2,1,2,2,2,3,2,2,1,2,2,1,5,3,2,4,2,3,3,2,3,2,2,1,4,4,3,1,2,caucasian,37,female
R_d45fAcuDt86qhUN,Trust,1,2,5,2,6,2,4,4,4,5,4,6,4,6,3,4,6,5,6,4,5,4,5,5,4,4,4,5,4,4,2,5,3,5,6,6,5,6,4,4,3,5,3,1,5,5,5,5,3,3,5,6,2,4,2,3,6,4,3,2,2,5,5,2,4,3,3,1,3,2,3,5,4,1,5,4,4,4,5,4,5,3,4,3,2,6,6,5,3,4,5,6,4,4,5,4,4,5,5,5,6,6,4,4,6,5,4,3,4,7,4,2,4,4,3,6,4,2,3,4,2,3,2,2,4,3,2,2,5,3,6,5,4,4,5,6,3,5,3,2,5,3,3,3,5,5,Caucasian,29,Male
R_cZ7CGO5sSZJaz1H,Trust,1,3,5,3,6,3,6,3,3,4,3,3,4,4,5,3,6,1,5,2,4,2,3,2,4,3,5,3,3,5,2,3,3,3,5,4,4,2,1,5,6,2,5,1,4,4,4,6,4,3,3,2,3,1,2,3,4,5,2,2,3,6,4,4,4,3,2,1,1,1,2,2,3,1,4,3,1,6,6,6,2,3,3,4,3,2,4,3,3,4,1,2,5,4,4,3,4,6,4,5,3,3,6,3,3,5,4,6,4,5,4,3,3,5,2,4,2,3,5,4,3,3,4,2,2,3,4,3,3,4,6,5,1,3,6,5,5,4,3,3,2,2,3,3,6,4,white,40,Female
R_6yQzINspPodzQY5,Trust,1,3,4,3,3,3,4,3,3,4,3,2,4,4,3,4,4,3,3,4,5,3,6,3,4,3,4,5,5,3,2,4,5,5,6,3,4,3,3,5,4,3,5,3,3,3,3,3,3,3,4,3,4,3,4,3,5,4,6,4,5,4,5,4,3,4,3,4,2,5,4,3,3,1,6,2,2,3,3,4,2,3,4,3,4,4,4,3,3,3,3,4,3,4,3,4,3,5,3,4,3,5,4,3,3,5,4,5,4,4,5,2,4,5,4,6,3,3,3,3,4,4,3,3,3,3,3,4,3,3,5,3,2,5,4,3,3,5,3,5,3,3,4,3,4,3,caucasian,54,female
R_eEdGS6ILSavZukZ,Trust,1,2,5,2,2,4,4,3,6,3,2,4,3,4,2,4,4,5,6,4,5,4,4,3,3,4,4,5,6,6,1,5,4,4,6,1,4,3,2,5,4,5,6,1,3,2,3,2,5,6,2,2,3,2,3,4,3,6,3,5,2,6,6,6,7,3,2,3,5,3,6,1,2,1,5,6,3,4,6,7,5,4,4,3,2,3,4,7,7,4,6,4,6,5,2,5,6,3,4,5,5,5,7,2,6,4,6,4,4,3,4,2,6,6,6,5,4,5,3,3,5,6,6,2,1,2,3,2,4,4,5,6,7,3,6,5,3,5,5,4,4,6,3,6,3,3,White / Pacific Islander,23,female
R_8cx8w0pQQVcQuk5,Trust,1,4,5,4,4,4,5,5,5,4,5,4,4,4,5,4,4,5,4,4,4,4,4,4,4,4,4,4,4,4,3,4,4,4,4,4,4,4,5,5,5,4,6,5,5,5,4,6,4,6,4,4,5,4,5,5,6,4,4,3,4,5,5,4,4,5,5,4,4,4,3,5,4,1,4,4,4,5,5,4,4,4,4,4,4,4,4,4,4,4,4,4,5,5,5,4,5,5,4,5,5,5,4,4,5,4,4,5,4,5,4,5,5,5,4,4,5,4,5,5,5,4,5,4,5,5,4,4,5,5,5,5,4,5,5,5,6,4,5,5,4,5,4,4,5,5,caucasian,33,male
R_el1XNfMLG5rF5yZ,Trust,1,3,4,2,4,3,4,5,4,3,4,4,4,4,3,5,5,4,3,4,3,4,4,4,4,4,4,4,5,2,4,2,3,2,5,3,3,3,4,4,5,3,5,2,4,4,3,4,4,3,3,3,4,3,3,3,3,5,2,1,4,5,3,2,4,2,3,2,3,2,2,5,3,1,3,3,3,3,3,3,4,4,3,4,3,4,4,4,5,5,2,3,4,4,4,4,4,3,4,4,5,4,4,5,3,4,4,4,3,4,4,4,4,5,3,4,4,2,4,3,3,3,4,2,3,3,2,3,3,2,4,3,3,3,4,3,3,4,3,3,2,2,3,2,3,2,White,26,Female
R_b3gVO1AC1Sg7GXr,Trust,1,2,7,6,3,6,5,4,4,6,2,4,2,7,5,4,6,6,3,3,3,3,6,3,4,4,5,3,5,3,5,5,6,5,6,5,6,4,5,2,6,3,4,3,2,4,5,5,6,5,6,5,4,4,5,6,5,5,5,6,3,4,2,5,4,2,4,4,5,6,4,3,6,1,5,3,4,6,4,5,3,4,5,6,3,4,4,6,2,3,5,4,6,5,5,5,4,6,7,3,5,6,5,6,4,3,4,5,6,6,3,4,5,3,2,5,4,4,6,7,5,5,4,4,2,5,4,5,3,4,5,4,6,5,5,5,4,5,5,4,3,4,6,2,6,5,Black,32,male
R_8HsoLK86T90vXfv,Trust,1,2,3,3,4,4,4,6,5,3,5,2,3,5,6,5,4,3,4,6,5,4,5,3,6,3,5,4,5,5,4,3,5,5,3,5,4,3,5,4,5,6,3,4,5,2,6,5,5,3,2,4,3,4,3,5,6,5,6,4,3,5,3,6,4,4,5,3,3,3,4,4,5,1,5,4,3,5,5,4,5,2,3,4,5,6,4,4,5,6,3,3,3,3,3,3,4,3,5,5,4,2,3,3,3,3,3,4,4,2,5,4,3,3,5,5,6,3,3,3,3,3,3,4,3,4,4,3,3,5,5,2,4,3,5,4,4,3,2,3,5,6,2,4,4,3,black,24,male
R_40fWw0PEr2DDmlL,Trust,1,3,3,3,3,2,4,2,4,2,3,2,3,4,4,5,4,3,3,2,3,4,4,4,4,2,3,3,3,2,2,3,3,2,4,3,3,3,3,4,4,3,4,2,3,4,3,4,3,2,4,1,2,4,2,3,3,4,4,3,4,3,3,3,3,4,3,4,3,3,3,3,2,1,3,3,3,3,3,3,2,2,2,1,2,2,2,2,2,3,2,2,1,3,2,3,4,3,3,3,2,2,3,2,2,3,3,3,3,3,2,2,3,2,2,3,2,2,2,2,2,2,3,3,1,2,3,2,3,3,3,3,3,4,4,3,2,4,2,2,3,2,3,4,3,3,caucasian,45,male
R_bK7zwlBu4o58iJn,Trust,1,4,4,3,4,4,2,3,3,3,3,3,3,3,3,3,4,3,3,3,3,3,3,3,3,3,3,4,3,3,3,3,3,3,3,4,3,3,4,4,4,3,3,4,4,3,4,3,4,3,4,3,3,3,4,3,3,3,3,3,3,3,3,3,3,3,3,4,3,3,3,3,3,1,3,3,3,3,3,3,3,4,3,3,3,3,3,3,3,3,3,3,4,3,4,4,3,4,4,3,3,3,3,2,4,4,3,3,3,3,3,3,3,3,3,3,3,3,3,3,3,3,3,4,3,3,4,3,3,4,3,4,4,3,3,3,4,3,3,3,4,4,3,4,3,3,Asian,25,Male
R_3K3sgtTdBVMs95X,Trust,1,1,2,1,2,3,3,2,1,2,3,2,2,2,2,2,1,2,2,2,2,2,3,2,3,2,2,3,2,2,1,3,2,2,4,2,3,3,1,4,3,1,5,2,4,2,4,3,3,4,2,2,1,2,2,3,4,3,3,3,2,4,4,2,3,3,2,2,2,3,3,3,2,1,2,2,2,1,1,2,2,2,2,2,2,2,2,2,2,2,2,2,2,1,2,2,1,2,1,1,2,1,2,1,1,2,2,2,2,2,2,2,2,2,2,2,2,2,2,2,2,2,2,2,2,2,2,1,2,2,2,1,2,2,1,2,2,2,2,2,1,2,1,2,2,1,white,36,male
R_abENuvELRg8SJBr,Trust,1,4,4,4,4,4,4,4,4,3,4,4,4,4,4,4,4,3,3,3,4,4,3,4,4,4,4,4,4,4,4,4,4,4,4,3,4,3,4,4,4,3,4,3,4,4,4,3,4,3,4,3,3,3,4,4,4,4,3,4,4,4,4,4,4,4,4,3,4,4,4,4,4,1,3,3,4,4,4,3,4,4,4,4,4,4,4,4,4,4,4,4,4,4,3,4,4,4,4,4,4,4,4,4,4,4,4,4,4,4,4,4,4,4,4,4,4,3,4,4,4,4,4,3,4,4,4,4,4,3,4,4,4,4,4,4,4,3,3,4,4,4,4,4,3,4,white,26,female
R_cNjyT4IjfOL0WTH,Trust,1,3,3,2,2,2,3,2,3,3,2,2,2,3,3,3,3,3,3,3,2,3,3,2,3,2,3,3,4,2,2,2,3,3,3,3,2,3,3,2,3,3,3,3,3,3,2,3,3,2,3,3,2,3,3,2,3,4,3,3,3,4,4,3,4,2,2,2,3,3,3,2,3,1,3,3,3,3,3,3,3,3,3,3,3,3,3,3,3,3,3,3,3,3,3,3,3,2,3,3,3,3,3,3,3,3,3,3,3,4,3,3,3,3,3,3,3,3,3,3,3,4,3,3,3,3,3,3,3,3,4,3,3,3,4,3,3,3,2,3,3,3,3,3,3,3,Caucasian,26,Male
R_bp7FPBvSGSp7RuB,Trust,1,2,6,3,3,6,5,4,7,7,6,3,3,7,7,7,4,5,6,4,6,4,7,7,6,5,6,5,5,4,3,7,7,6,7,4,5,7,3,4,5,4,2,2,5,5,4,3,3,3,6,5,3,6,6,3,7,6,2,3,4,7,4,2,3,6,3,3,5,3,6,3,7,1,4,4,2,4,5,5,3,5,6,5,5,4,3,6,5,5,4,3,5,6,2,5,4,6,2,4,6,6,5,3,6,5,5,6,3,5,6,3,6,5,4,6,5,4,4,6,6,3,4,2,4,2,2,2,2,3,4,2,2,4,4,4,6,6,5,3,5,5,3,5,4,3,White,52,Female
R_0AO84BI4bbFsJPT,Trust,1,5,6,6,6,6,6,6,6,6,5,5,6,6,6,6,6,6,6,6,6,6,6,6,6,6,6,6,6,6,6,6,6,6,6,6,6,6,4,6,6,6,6,6,6,6,6,5,6,6,4,5,4,6,6,5,6,6,6,5,6,6,6,5,6,6,4,6,6,5,6,5,5,1,6,6,6,6,6,6,6,6,6,6,6,6,6,6,6,6,6,6,6,6,6,6,6,6,6,6,6,6,6,6,6,6,6,6,6,6,6,5,6,6,6,6,6,6,6,6,6,6,6,6,6,6,6,5,6,6,6,5,6,6,6,6,6,6,5,4,5,6,6,6,5,6,caucasian ,34,male
R_0wyS6a5F5uxn8IR,Trust,1,4,5,5,4,6,6,6,6,5,6,4,5,5,4,4,6,4,6,3,5,4,5,4,6,5,4,5,6,4,4,5,6,5,5,4,5,4,5,6,6,6,6,4,5,5,5,6,6,5,5,5,5,5,4,4,5,6,5,4,6,7,6,4,6,6,4,4,6,4,6,5,5,1,5,5,4,4,4,4,4,4,5,5,3,3,3,3,3,3,3,5,4,6,3,4,5,6,5,5,6,6,5,4,5,6,4,6,6,5,5,5,5,5,5,6,6,6,6,6,6,5,5,4,5,5,5,4,4,6,6,6,6,5,5,6,4,6,6,5,5,4,6,6,6,5,White/Caucasian,25,Male
R_5t1DtvLYLmM5GbH,Trust,1,1,5,1,5,3,5,2,4,3,3,2,5,5,6,6,4,2,6,5,3,3,5,2,5,3,5,5,3,5,2,5,5,2,2,5,2,4,3,5,5,5,3,1,3,5,3,4,3,5,3,5,4,5,4,2,5,4,5,2,2,5,5,3,4,3,2,3,2,4,2,4,2,1,2,4,2,2,2,5,2,4,2,3,2,2,5,4,5,5,1,2,6,4,4,2,3,5,4,2,4,5,5,3,6,3,3,5,3,4,3,2,3,2,2,5,3,4,5,3,3,5,5,2,4,2,5,3,4,2,5,5,2,2,4,5,4,5,2,2,4,2,3,1,5,2,white,57,female
R_8pRJuI597vbwVCJ,Trust,1,2,2,2,2,2,3,2,4,2,2,2,2,2,2,2,2,2,2,2,2,4,3,2,2,2,2,2,2,2,2,2,4,2,2,2,2,2,2,2,4,3,2,2,2,2,2,2,1,2,2,2,2,2,2,2,2,3,2,2,2,2,2,2,2,2,2,2,2,2,2,2,2,1,2,2,2,2,2,2,2,2,2,2,2,2,2,2,2,3,2,2,2,3,2,2,3,2,2,2,2,2,2,2,2,2,2,2,3,2,2,2,2,2,2,2,2,2,2,2,2,2,2,2,2,2,2,2,2,2,2,2,2,5,2,5,2,5,2,2,2,2,2,2,2,2,White,25,male
R_0Ajxc9auxjMAxJH,Trust,1,3,2,2,4,2,2,2,2,2,5,2,3,2,3,5,5,2,3,1,5,3,4,1,6,4,5,2,3,4,1,4,4,3,4,3,3,5,2,2,3,6,2,2,2,2,3,2,2,1,2,2,2,2,5,4,1,3,4,1,1,2,5,2,4,2,1,5,3,2,4,1,1,1,2,2,1,4,3,5,2,3,3,2,2,4,4,4,5,4,2,4,4,5,2,4,1,3,5,3,5,3,3,2,2,2,2,2,3,4,3,3,2,3,4,3,4,2,2,2,2,3,1,1,2,3,2,2,1,2,4,3,2,2,3,2,5,2,2,4,2,2,3,2,2,2,white,22,male
R_8FTYQkHisVLOJGR,Trust,1,3,4,2,3,4,5,3,4,3,4,4,3,5,4,4,4,3,3,2,4,3,5,5,5,4,6,4,3,2,3,4,5,3,4,5,4,4,3,4,5,5,5,2,3,3,3,4,4,3,3,2,3,2,4,2,5,4,4,3,4,5,4,5,5,4,2,3,3,3,6,3,4,1,3,4,3,4,3,5,3,3,4,3,3,3,4,4,5,3,4,5,3,3,3,3,5,3,4,4,4,5,3,3,4,3,3,3,4,4,4,3,5,4,6,5,3,3,2,4,6,5,5,3,3,4,3,4,2,3,3,4,3,4,4,4,3,5,4,4,3,4,4,6,3,3,White,51,female
R_4MI94yeAjZGffEx,Trust,1,1,3,2,2,2,2,2,2,1,2,2,2,2,2,2,2,2,1,2,2,1,1,1,2,2,2,1,1,2,2,2,1,2,2,1,1,2,2,2,1,2,2,2,2,2,2,2,2,4,2,3,1,2,2,2,1,2,2,1,2,1,1,1,2,1,2,2,2,2,2,2,2,1,2,2,2,1,2,2,2,2,2,2,2,2,2,1,2,2,1,2,2,2,2,2,2,2,2,2,2,2,2,2,2,2,2,4,2,2,2,2,2,1,2,1,2,2,2,2,2,1,2,2,2,2,2,2,2,2,2,2,2,2,2,1,2,3,2,2,2,2,1,2,2,2,hispanic,21,male
R_42rASrsFQlbIiEJ,Trust,1,2,3,2,2,4,3,3,2,5,3,2,3,3,5,5,4,2,1,4,3,2,5,4,4,4,4,3,4,2,3,4,4,4,5,2,3,2,3,6,6,5,3,1,5,5,5,5,4,4,3,6,2,4,2,4,5,5,2,5,4,4,2,3,3,3,2,3,4,3,4,5,2,1,4,3,2,2,5,5,4,3,2,3,3,3,3,3,4,2,3,3,4,4,2,2,4,3,5,3,4,3,5,3,2,4,2,6,4,2,5,2,6,4,3,4,2,4,4,4,5,3,4,2,6,4,2,2,4,3,2,2,5,4,4,2,2,3,2,2,2,4,2,2,6,2,White,24,Male
R_6YgWFmfkBdp3Smh,Trust,1,1,2,1,1,3,5,2,4,1,3,1,2,4,3,4,2,1,3,2,3,1,3,3,4,7,3,2,1,1,1,1,2,1,3,4,1,4,3,3,4,3,4,1,3,3,4,3,4,3,2,2,1,4,1,3,4,2,4,1,4,4,3,2,4,1,1,1,1,1,1,3,1,1,1,1,1,2,2,3,2,2,1,2,1,2,2,2,2,2,2,1,2,4,1,3,2,4,2,1,1,2,2,1,4,4,1,4,2,1,3,2,2,2,2,2,2,1,2,4,3,1,2,3,2,1,1,2,1,3,4,3,2,2,4,4,2,3,1,4,1,1,4,4,3,1,Asian,52,Female
R_1NSMsSX8Kciap0x,Trust,1,1,3,2,3,4,5,1,1,3,2,5,2,4,3,6,3,3,3,2,2,1,2,2,4,3,1,2,2,2,1,3,2,2,4,1,2,1,2,5,6,3,5,2,6,5,3,5,1,3,2,2,5,1,2,4,7,5,3,2,3,7,3,1,5,3,2,2,2,1,4,3,2,1,2,1,2,2,2,3,1,4,2,2,2,2,2,4,3,2,2,2,1,5,2,5,3,7,2,4,3,4,2,2,3,6,3,4,1,4,2,1,1,4,1,2,1,4,4,4,2,1,3,2,1,1,1,1,6,4,6,4,2,5,7,6,3,5,2,3,5,3,3,4,4,3,Blake,25,Male
R_5jZ8nKc4eGJMM4d,Trust,1,2,5,5,5,3,2,3,3,3,2,2,2,4,3,5,3,2,2,2,3,3,2,2,3,2,2,3,2,2,2,2,3,5,3,4,2,1,2,3,6,2,2,2,5,1,2,3,2,1,1,2,1,2,1,4,5,4,3,5,4,5,6,4,3,5,3,2,4,3,4,3,2,1,2,3,2,4,3,5,5,3,4,3,4,5,2,2,5,2,2,2,5,3,3,2,2,3,3,2,6,4,2,2,6,4,2,5,2,2,4,3,5,4,5,2,4,3,5,2,3,3,4,3,4,4,2,4,2,2,5,4,3,2,3,5,6,1,6,2,5,5,3,5,1,4,Caucasian,24,Female
R_9tpBgvLYIcBANZr,Dom,1,2,2,2,2,2,2,2,2,2,3,2,2,2,2,2,2,1,2,2,1,2,1,2,2,2,2,2,2,2,1,2,1,1,1,2,1,2,3,4,2,2,3,3,2,2,2,2,3,3,2,3,3,2,2,2,2,2,2,2,2,2,2,2,2,2,1,2,2,2,2,3,2,1,1,2,2,1,1,2,2,2,2,1,2,1,1,1,2,2,2,2,2,2,3,2,2,2,1,2,2,2,2,1,2,3,2,2,2,2,2,1,2,3,2,3,2,3,2,2,2,2,2,2,2,2,2,2,3,3,2,3,3,2,2,2,3,3,2,2,2,4,2,2,2,2,white,37,male
R_2nsUhT5XQqChjsF,Dom,1,4,2,5,2,2,2,2,3,3,3,2,2,3,1,2,2,2,3,2,2,2,3,3,1,1,2,2,1,2,4,2,2,2,1,1,4,1,1,4,5,2,4,3,2,1,1,1,2,1,2,2,1,2,5,1,2,1,2,2,2,2,2,3,2,1,2,1,1,2,2,3,1,1,2,2,3,3,2,2,3,2,2,3,3,2,2,2,2,2,3,2,2,2,3,2,3,2,2,2,2,1,2,4,2,3,2,2,2,2,1,1,2,2,1,1,3,1,1,1,2,1,1,1,3,1,1,1,2,3,2,2,2,2,3,2,2,2,2,2,2,2,1,2,2,2,caucasian,28,female
R_bBi9mbsZkrWMTtP,Dom,1,5,5,3,2,2,5,5,4,5,4,5,4,4,5,3,5,4,2,6,5,4,5,3,4,4,5,6,3,3,5,4,5,4,3,3,4,3,5,3,2,3,5,2,5,4,5,3,3,4,3,5,2,4,3,3,6,3,2,2,3,5,4,2,5,3,4,2,3,3,3,4,3,1,3,4,3,3,3,4,4,3,3,4,3,3,2,3,3,4,3,2,5,2,2,5,5,6,5,2,5,4,3,5,4,3,5,3,4,3,3,3,3,3,4,4,3,4,3,3,3,2,4,3,5,3,4,4,2,5,2,2,2,2,4,3,2,5,2,2,3,3,3,3,3,3,White,23,Male
R_9S4IOpycLnLYkxn,Dom,1,5,4,4,3,4,4,5,3,4,3,4,5,3,4,4,5,4,3,3,2,2,2,4,3,4,5,3,3,2,5,2,3,5,4,3,5,4,5,5,5,5,5,5,5,4,4,5,4,4,4,5,4,3,5,4,4,4,4,5,3,5,5,4,3,3,4,3,4,5,2,5,4,1,3,3,3,4,3,5,4,3,3,4,4,3,3,3,3,4,4,3,4,4,4,4,4,3,5,4,4,3,5,5,4,4,4,4,4,4,4,4,3,4,4,4,4,5,5,4,3,3,4,4,4,4,4,4,4,5,4,5,4,3,5,4,3,4,3,4,4,3,4,4,4,4,White,29,Male
R_1Yun3c4Q0BNonu5,Dom,1,4,4,4,3,3,3,4,3,3,3,4,3,3,4,3,4,3,3,3,3,4,4,4,4,4,4,4,3,4,4,4,3,4,4,2,4,2,4,3,4,4,3,3,4,3,3,3,3,4,3,3,3,3,4,3,2,3,3,3,3,4,3,3,3,3,3,3,3,4,2,3,3,1,4,3,4,4,3,3,3,3,4,3,4,3,3,4,4,4,3,3,3,3,3,3,4,3,4,4,4,4,3,4,4,4,4,4,3,4,3,3,4,3,3,3,2,3,3,3,4,3,4,3,3,3,3,3,3,3,3,3,3,3,3,3,4,3,3,3,3,3,3,3,3,3,white,26,male
R_0wiSPsckPlED9s1,Dom,1,3,5,6,4,3,4,5,3,5,5,4,3,5,4,5,3,4,3,6,5,3,4,6,2,6,4,4,4,4,6,5,2,5,4,3,6,3,6,4,4,5,4,3,3,4,3,4,3,5,4,3,5,3,5,2,3,3,3,4,3,4,5,2,3,3,2,4,3,4,3,3,2,1,4,5,6,4,3,3,5,4,5,5,4,4,3,4,4,3,4,3,5,3,4,4,3,3,4,4,3,4,4,6,3,4,3,4,4,4,5,5,3,4,3,4,3,2,3,3,4,3,3,4,5,4,3,3,3,3,4,3,3,3,3,4,4,4,4,4,4,3,3,4,3,3,Caucaisan,21,Male
R_01Eu2leKnwsoupf,Dom,1,4,5,4,4,5,4,4,4,4,5,5,4,4,5,4,4,5,5,4,4,4,5,4,4,4,5,5,3,4,4,4,4,4,5,4,4,5,5,4,5,6,5,6,6,5,6,5,6,5,5,4,5,5,5,4,5,4,5,5,5,5,5,5,6,4,4,5,5,4,3,6,5,1,4,5,4,5,5,4,5,5,5,5,5,5,5,4,5,5,5,5,5,5,4,4,5,5,4,4,5,5,5,4,4,5,5,5,4,5,6,5,5,5,6,5,5,5,5,5,5,5,5,5,5,5,5,5,5,5,6,6,5,5,5,5,4,4,5,5,5,5,5,4,4,5,asian,32,male
R_02LO0NmmixisNsF,Dom,1,5,5,7,1,5,6,6,7,3,6,6,2,3,5,2,6,4,5,7,6,4,3,5,4,6,5,6,4,1,6,5,2,4,4,1,4,3,6,3,2,2,7,2,2,4,2,5,3,6,2,4,7,1,6,5,3,4,3,4,2,3,3,4,4,2,7,4,3,2,1,5,5,1,6,5,6,5,3,4,7,4,6,7,7,5,4,4,5,5,4,4,6,5,5,5,4,5,5,7,7,3,5,7,3,6,6,5,3,6,2,5,2,2,1,2,1,3,5,3,3,3,3,2,4,5,4,5,5,2,4,3,4,3,4,3,3,2,1,4,3,2,4,3,5,5,Caucasian,31,female
R_0GshUokUo5Mnemx,Dom,1,5,4,3,1,1,4,4,3,3,4,1,2,4,3,4,4,1,2,4,5,3,3,2,1,4,5,4,3,3,5,5,3,3,2,3,4,1,2,4,3,2,4,1,2,2,3,3,1,4,1,3,2,2,4,4,2,3,1,1,1,5,2,1,4,2,2,1,1,1,1,2,2,1,5,3,2,1,1,1,1,2,2,2,2,2,2,2,4,3,2,2,5,4,3,2,2,3,5,5,4,3,4,5,3,3,2,3,2,4,1,1,1,3,1,1,1,1,1,1,2,1,2,1,1,1,1,2,2,2,1,2,2,1,3,2,2,2,2,3,1,2,1,1,2,2,white,42,male
R_7WduiUprnUKeWbj,Dom,1,6,4,5,4,4,3,3,4,4,4,5,5,4,3,4,4,5,3,4,3,2,3,2,2,2,4,3,2,2,5,3,3,2,2,4,3,2,4,2,4,4,3,3,3,3,3,2,2,3,4,3,4,4,4,4,2,1,2,3,3,2,2,3,2,2,3,2,2,3,2,3,3,1,2,2,2,2,2,2,2,3,2,4,4,4,2,2,2,3,3,3,3,2,2,4,2,2,2,4,2,2,2,4,4,3,2,2,3,3,2,3,2,3,3,2,3,3,3,3,3,4,2,3,4,4,3,4,3,3,2,2,2,2,3,2,4,2,3,3,2,4,2,2,2,4,white,54,female
R_3V2fFqvluzYsFWB,Dom,1,7,7,5,4,4,5,3,4,5,5,5,5,6,6,6,6,4,4,5,5,3,2,3,6,6,6,5,3,3,5,4,3,5,3,3,5,1,5,4,3,4,5,3,3,4,3,3,3,3,2,6,2,5,5,4,4,3,3,2,2,3,3,3,4,5,3,2,3,4,2,3,3,1,6,4,4,4,3,3,3,3,3,5,5,5,4,5,5,5,3,3,7,5,4,7,4,4,5,6,6,5,6,6,5,6,5,6,5,5,1,4,3,2,2,2,2,2,2,2,3,2,3,2,5,3,3,4,4,4,3,2,2,3,4,3,1,2,4,3,2,2,2,2,3,4,white,26,female
R_0oBpHTIZwjVQ7hb,Dom,1,5,4,5,1,2,3,4,2,4,3,4,4,2,3,3,5,4,2,4,4,1,3,2,2,4,3,3,3,2,6,5,3,2,5,2,5,1,4,3,3,1,2,1,3,3,2,3,3,3,2,3,1,2,3,3,1,2,2,1,1,3,2,2,4,3,2,2,1,3,2,4,2,1,4,3,5,3,3,2,4,2,4,3,4,3,3,2,2,3,3,2,4,3,2,3,3,3,4,3,4,3,4,5,4,3,3,2,3,3,1,3,3,2,2,2,2,2,3,4,3,2,3,2,4,2,2,4,3,3,2,1,2,1,4,1,2,2,2,2,1,2,1,2,2,2,White,25,Male
R_0NxmUmianCRZdIh,Dom,1,1,2,2,1,2,2,2,1,2,2,2,2,2,2,3,2,1,2,2,2,2,2,2,2,2,2,2,3,4,3,2,2,3,3,2,2,2,3,4,4,3,3,2,3,2,2,2,2,3,2,2,3,2,3,2,2,2,2,2,2,3,2,4,2,3,2,3,3,2,3,2,2,1,3,3,3,3,2,2,3,3,2,3,2,2,2,2,3,2,2,3,3,2,3,3,3,3,3,2,3,3,2,4,2,2,2,3,4,3,2,2,2,3,3,3,3,3,3,3,3,3,3,3,3,3,3,3,2,3,3,3,2,3,2,2,3,2,3,2,2,3,3,2,3,3,Black,39,Male
R_9phsVw2MTsVVC2V,Dom,1,6,5,5,4,4,5,4,4,5,4,5,6,4,5,5,4,5,5,5,4,4,4,4,4,4,4,3,4,4,5,4,4,4,4,5,5,3,5,4,4,3,4,4,5,5,5,4,4,5,4,4,6,4,6,5,3,3,4,4,4,4,3,4,4,4,4,3,4,4,3,4,5,1,5,4,6,5,4,4,4,4,5,4,4,4,4,4,4,5,4,4,5,4,4,5,4,4,4,5,3,3,4,5,4,5,4,4,5,5,3,5,4,4,3,4,4,5,4,4,3,3,4,4,4,5,4,5,4,5,4,4,4,4,5,4,3,5,5,4,5,3,4,3,4,5,white,34,male
R_2giUSnXbhT6GigZ,Dom,1,7,5,6,3,4,5,5,6,5,5,5,4,6,3,5,6,4,4,6,5,4,4,3,5,7,6,5,6,6,7,6,6,6,5,5,5,2,5,6,3,4,3,3,3,5,4,4,3,5,5,4,5,4,6,4,4,3,2,4,2,3,2,6,5,4,6,4,3,5,1,3,2,1,7,6,7,6,5,5,6,7,6,5,6,6,6,6,6,6,4,4,7,5,4,6,6,4,6,5,6,6,6,7,6,6,4,6,4,6,2,4,6,3,6,4,4,2,2,2,2,2,6,6,6,6,4,6,5,3,3,1,5,3,5,5,4,4,6,4,2,2,4,2,5,3,white,35,Female
R_0Jpv2VqXNpjurBj,Dom,1,6,5,5,3,3,5,5,4,5,5,6,5,4,5,3,5,4,6,7,4,5,3,3,3,4,5,5,4,3,7,5,3,3,4,3,4,3,5,4,4,7,5,5,3,5,3,3,5,5,4,5,5,4,6,5,2,2,3,3,3,4,3,5,4,6,6,3,2,4,2,4,5,1,5,3,5,4,3,3,5,4,6,6,5,4,4,4,4,4,3,3,6,4,6,4,4,3,4,6,5,4,5,7,6,5,4,3,5,5,3,2,3,3,7,3,3,3,3,2,2,3,4,5,4,4,2,5,3,4,4,2,4,3,3,5,6,5,5,4,3,3,4,3,4,7,Caucasian,31,Female
R_6zh7Xv3jBqkR1SB,Dom,1,4,4,4,3,3,5,4,3,3,3,3,4,4,4,3,4,3,3,5,3,3,3,3,2,3,4,3,3,3,3,3,2,3,3,2,4,3,3,3,3,3,4,3,2,2,2,2,3,2,3,2,3,2,2,2,3,2,2,2,1,2,2,4,2,3,3,3,2,2,2,3,2,1,3,3,3,4,4,4,4,4,4,4,4,4,4,3,3,4,4,4,3,3,4,4,3,3,3,4,4,3,3,4,4,3,3,3,3,4,3,3,3,3,3,3,3,3,3,3,3,3,3,3,3,3,3,3,4,3,3,3,3,3,2,3,3,3,3,3,3,3,3,3,3,3,hispanic,22,male
R_0HDbCK27MAawrCl,Dom,1,7,3,3,2,5,3,4,2,4,5,1,5,2,3,1,3,3,3,7,2,3,5,2,4,4,2,3,3,2,5,2,2,2,4,4,2,1,7,5,3,1,4,7,3,5,4,5,3,5,6,6,1,7,6,5,7,3,5,2,1,2,3,5,5,5,7,6,2,7,1,7,6,1,4,5,7,5,3,7,7,5,6,6,5,4,3,4,4,6,6,1,3,2,2,6,6,3,4,6,5,6,2,5,3,5,5,5,6,5,2,6,4,3,3,4,3,5,3,4,5,2,2,3,2,2,4,4,5,5,3,4,4,1,2,3,7,5,7,7,2,2,2,2,4,6,caucasian`,20,female
R_8Bustt7lxrrAGnH,Dom,1,7,3,5,6,3,2,6,5,6,3,7,5,5,3,6,5,6,4,6,2,1,1,4,2,3,4,4,2,5,3,2,2,3,3,3,5,5,6,7,6,2,2,7,5,7,4,3,3,6,5,6,5,6,7,6,4,3,4,6,4,2,4,5,4,5,6,6,6,7,5,4,5,1,4,5,5,4,4,5,6,4,4,3,4,4,5,4,5,4,6,7,6,6,4,5,5,2,5,3,5,4,6,5,6,4,5,6,5,4,6,6,3,3,4,3,5,6,6,4,4,6,7,6,5,6,5,4,6,6,6,5,5,5,3,5,5,6,4,4,5,6,4,3,7,5,white,60,male
R_8zR6FHbW9qPWcEl,Dom,1,2,5,5,1,1,5,2,1,3,5,2,5,3,4,4,3,1,2,5,6,2,3,2,5,4,4,5,2,3,6,5,2,3,5,4,3,1,3,2,4,3,5,2,2,3,3,4,2,3,5,4,5,3,6,2,3,2,2,2,3,5,4,4,5,4,3,3,1,4,1,3,3,1,6,5,6,3,3,2,4,5,5,6,6,5,4,5,4,5,2,2,7,3,2,4,3,5,4,6,5,2,5,6,2,2,3,3,4,4,1,4,3,5,3,4,4,4,5,3,3,2,4,3,5,5,3,6,4,4,2,2,2,1,4,2,5,1,4,3,2,1,2,1,5,3,White,34,Male
R_dbxweY0mkvR66ZT,Dom,1,7,7,7,6,3,7,4,7,2,5,7,7,6,7,6,6,7,4,7,7,3,5,4,5,6,7,3,5,7,7,5,5,7,6,5,4,2,2,2,2,2,3,3,5,3,5,3,2,5,2,3,4,3,3,4,4,2,1,2,2,4,3,1,3,5,4,3,2,2,1,2,3,1,6,6,6,4,4,4,5,5,4,6,6,6,4,4,4,6,4,4,6,7,4,6,7,2,6,5,6,4,5,7,6,5,6,6,3,6,1,2,2,2,1,2,2,3,3,2,3,2,2,2,3,3,3,3,5,3,3,2,3,3,3,2,2,3,4,3,2,2,3,5,6,3,white,22,male
R_4HGSFrxIdZw0bzf,Dom,1,4,5,4,4,2,4,4,3,3,3,4,5,3,4,3,3,4,2,5,4,2,2,2,2,4,4,2,3,3,5,4,3,3,3,5,4,1,4,3,4,3,4,5,5,4,5,4,1,5,5,5,5,5,6,6,3,1,1,2,2,4,1,2,2,3,2,2,1,3,2,4,3,1,4,3,3,4,2,2,4,3,4,3,3,5,4,3,3,4,2,2,6,5,3,4,3,3,5,4,4,5,3,5,3,4,4,3,5,4,1,3,2,2,2,2,3,3,4,3,4,1,3,4,5,4,4,5,5,5,2,3,3,3,4,3,4,3,4,3,2,2,4,2,4,5,Caucasian,26,Female
R_0JapSWyVEm9Nmdf,Dom,1,5,3,7,3,4,5,4,5,6,4,3,7,2,3,2,4,6,4,6,5,5,3,4,6,2,3,3,4,3,6,3,4,4,3,2,4,1,5,5,3,4,2,7,3,4,5,3,4,6,6,5,6,7,6,7,2,3,2,5,3,3,3,3,3,7,7,7,5,5,1,6,6,1,4,4,6,5,5,6,3,5,4,7,4,2,4,3,3,6,6,6,3,4,4,4,4,3,4,4,3,3,4,7,5,4,5,3,5,4,5,7,5,4,4,5,6,6,5,4,2,6,5,6,5,7,5,5,3,3,3,4,2,4,4,2,4,4,6,4,6,5,6,2,4,4,caucasian,31,female
R_bl8XlZULTWmWxGl,Dom,1,6,5,5,4,3,5,4,4,5,5,3,6,5,5,4,6,4,4,6,2,2,2,4,3,5,4,6,5,4,6,5,4,5,3,4,3,2,2,2,4,3,3,3,4,2,3,4,3,2,2,4,4,3,5,3,3,2,2,2,2,5,2,4,2,6,2,2,1,4,1,4,5,1,5,5,6,4,3,4,3,2,5,5,4,6,4,3,4,3,4,2,5,4,5,5,6,3,5,3,4,6,4,6,5,6,4,4,5,5,2,2,3,4,1,3,1,1,2,1,1,1,3,6,5,2,2,4,4,4,2,2,2,2,3,2,2,2,3,2,2,2,1,2,2,4,White,33,Female
R_3l5TnRpkYS3n4r3,Dom,1,6,5,5,2,2,5,6,5,6,2,5,6,1,3,4,5,2,2,5,5,5,2,4,3,5,5,6,2,5,5,5,3,5,5,5,6,2,6,2,2,2,3,2,3,2,2,3,2,6,2,5,5,5,2,2,2,2,3,2,2,2,3,2,2,3,2,2,3,3,2,3,2,1,6,6,6,4,4,3,5,5,2,3,3,3,5,5,5,4,2,2,5,5,5,5,4,3,5,5,4,6,6,5,5,5,6,2,3,6,2,2,2,2,2,2,2,2,2,2,2,2,2,2,2,2,1,2,2,5,3,2,2,2,2,2,2,2,2,2,2,2,2,2,2,2,white,30,male
R_cN2E6vhF0Lt8o7j,Dom,1,5,5,6,4,4,3,5,5,5,4,5,4,4,4,4,4,4,3,5,4,5,4,4,4,3,4,3,3,4,4,3,4,3,3,5,4,2,6,4,4,4,5,5,4,4,3,4,3,4,5,4,4,4,4,4,5,3,3,2,3,3,3,3,4,4,5,3,2,3,2,4,5,1,4,4,4,3,4,4,4,4,5,4,4,4,4,4,4,4,4,3,5,4,4,4,4,4,5,4,4,4,4,4,4,5,4,4,4,4,3,3,3,5,5,4,5,5,5,5,5,4,4,3,4,4,3,4,4,4,3,4,3,2,4,4,5,4,4,3,2,3,3,3,5,5,white,34,male
R_0rcTkz0toTVWXNH,Dom,1,4,3,5,3,3,3,4,2,4,3,3,3,3,3,3,3,4,3,4,3,3,3,3,3,4,3,3,3,3,4,4,3,3,4,3,3,2,3,3,3,2,2,2,3,3,3,2,3,3,3,3,3,2,4,4,2,3,3,3,3,3,2,3,4,3,3,2,2,3,3,3,2,1,4,4,5,4,3,3,3,3,3,3,3,3,3,3,2,3,3,3,4,2,3,3,3,3,3,3,3,3,3,4,4,3,3,3,3,3,2,3,3,3,2,2,3,3,3,3,2,3,3,3,3,3,3,3,4,2,3,3,3,2,3,3,3,3,3,3,2,2,2,3,3,3,white,52,male
R_eP3Fo5ekVzAY8gl,Dom,1,4,3,3,3,3,3,4,3,3,4,3,4,4,3,3,3,3,3,4,3,3,3,3,3,3,3,3,3,3,3,5,3,3,3,3,3,3,3,3,3,3,3,3,3,3,3,3,4,3,3,3,3,3,4,3,3,3,3,3,3,3,3,3,4,3,3,3,2,2,3,3,4,1,3,3,4,3,4,4,4,3,3,4,4,4,4,3,4,4,3,3,3,3,3,3,3,3,3,3,3,3,4,3,3,3,4,3,3,3,4,3,3,3,3,3,3,3,3,3,3,3,3,3,3,3,3,3,3,3,3,2,3,4,3,3,3,3,3,3,3,3,3,3,3,3,white,64,male
R_81yhoXzgTYdCiSp,Dom,1,3,3,3,3,3,2,3,2,2,2,2,2,4,2,3,3,2,3,1,3,2,2,2,2,1,2,3,2,2,5,3,2,2,3,1,2,1,4,5,6,3,2,2,4,2,2,5,3,5,2,2,3,3,4,2,1,2,1,3,2,4,1,1,2,1,1,2,1,3,1,7,3,1,2,2,4,2,2,2,3,2,2,3,1,2,3,4,2,2,1,2,2,4,4,3,3,3,2,2,3,3,3,4,3,5,2,4,3,4,1,5,3,2,1,1,1,4,6,4,3,1,4,1,1,1,3,1,3,3,4,1,5,5,5,1,3,2,2,3,2,2,1,2,4,2,white,38,Male
R_6LSlqLTMlVpuoG9,Dom,1,6,5,6,2,3,3,3,3,3,4,3,6,5,2,4,4,5,5,5,6,4,3,2,4,4,5,2,4,3,6,4,4,3,4,5,3,1,4,4,6,3,6,3,4,4,4,5,4,3,1,5,4,5,3,4,3,4,3,4,2,3,1,5,3,3,4,3,3,5,1,6,5,1,5,5,6,4,3,4,4,3,5,5,5,5,5,5,5,5,4,5,3,4,3,3,3,4,3,4,5,6,4,3,3,5,3,5,4,4,4,3,4,4,4,4,5,3,5,4,4,4,4,5,4,5,5,5,4,3,5,3,4,3,4,3,5,4,3,4,3,2,4,4,5,5,white,38,male
R_5dKT3O6xmk6CldH,Dom,1,3,3,3,1,2,3,3,1,1,3,3,3,2,3,2,2,2,3,3,4,1,2,4,4,4,3,2,4,4,3,2,1,3,3,2,4,1,1,2,5,3,6,1,3,3,2,2,2,4,3,3,3,1,3,3,1,3,2,3,1,4,3,2,4,3,2,1,2,3,1,1,2,1,3,3,4,3,4,2,4,2,4,2,2,3,2,5,3,4,1,3,3,3,1,3,3,3,4,3,3,2,3,3,3,1,2,2,1,2,2,2,1,5,4,3,3,1,2,2,3,2,2,1,2,3,1,3,3,1,3,2,2,1,5,3,4,4,3,3,1,2,2,1,1,2,Hispanic,25,Female
R_3C7eOeUmgOFiGc5,Dom,1,3,5,5,4,5,3,5,4,7,4,6,5,2,4,3,4,4,3,4,5,3,4,7,7,5,4,3,7,5,6,4,4,3,4,3,5,2,7,2,5,4,5,5,5,3,6,5,5,5,1,5,2,4,4,3,3,3,6,6,3,5,6,4,3,6,6,6,2,7,6,5,5,1,5,7,4,6,5,3,6,5,4,4,4,5,6,5,4,3,4,5,5,4,3,5,3,4,4,3,5,5,2,4,4,6,5,3,3,4,5,5,5,6,5,4,5,6,7,4,5,5,4,7,4,7,5,3,6,5,5,5,5,4,7,5,3,4,5,6,2,5,5,5,3,5,white,29,male
R_4H2To6EMHOby7Bz,Dom,1,3,5,5,3,5,4,4,3,5,4,5,3,4,3,4,5,3,3,5,4,5,3,3,5,4,4,4,3,3,5,5,3,4,4,3,6,2,4,4,5,4,4,2,4,5,5,5,3,5,4,3,3,5,4,5,3,2,2,2,3,4,2,3,6,6,4,2,3,4,3,5,4,1,4,4,3,4,3,4,4,3,3,4,4,4,3,3,2,4,3,4,4,4,4,3,4,4,4,4,4,4,4,3,3,5,4,4,4,4,2,5,3,4,4,5,4,3,3,4,3,3,4,3,4,4,3,4,3,4,5,2,3,3,4,4,3,4,2,3,3,3,3,3,5,3,white,34,male
R_erlMoM6Yeo6NbAp,Dom,1,7,6,4,3,3,4,4,3,4,5,6,5,5,5,6,5,2,3,7,4,5,6,3,3,6,5,4,4,4,5,4,4,5,4,5,6,4,2,2,3,5,5,2,4,4,3,3,2,3,3,3,4,3,4,4,4,4,2,4,4,2,3,2,4,4,3,2,3,3,3,4,3,1,4,4,4,3,3,4,4,4,6,4,4,4,4,4,4,4,4,4,6,6,4,4,4,4,3,4,4,4,4,3,4,4,4,4,4,3,3,4,4,4,4,4,4,4,4,4,4,4,4,4,6,4,2,4,4,2,4,3,3,4,3,3,3,2,4,2,2,2,3,3,3,3,Asian,25,male
R_9vjGbSZzCnGVVqJ,Dom,1,7,4,6,3,4,5,5,3,6,3,4,4,4,3,2,3,3,3,6,5,5,4,4,3,6,6,5,4,5,7,4,5,3,6,5,5,2,6,5,5,3,4,3,2,6,6,4,3,6,5,2,6,2,6,7,4,2,2,2,4,6,3,2,5,7,2,1,1,2,3,5,2,1,5,5,7,5,3,4,5,5,5,4,5,4,3,3,5,3,2,2,5,4,5,4,5,4,5,4,4,4,4,3,5,3,3,4,5,5,1,5,3,6,4,5,4,5,4,3,5,3,6,5,5,4,2,7,3,3,4,3,2,4,6,4,3,5,6,3,2,3,2,3,5,7,Caucasian,34,female
R_0NFUiSreVZZdLDv,Dom,1,5,3,5,2,4,2,4,3,5,4,3,4,5,3,4,4,2,3,4,4,3,4,3,2,4,4,5,3,2,4,2,4,4,2,3,5,3,6,3,2,3,4,3,2,5,3,2,3,4,2,2,2,3,4,3,2,2,2,3,4,3,3,2,3,3,3,2,3,3,2,3,3,1,4,3,3,3,4,3,5,3,3,4,3,3,4,3,4,2,3,3,3,2,3,4,5,3,4,4,2,3,3,4,3,3,5,2,2,5,3,3,2,3,3,2,2,2,4,3,2,4,5,3,4,3,4,4,3,2,3,4,2,3,2,3,2,2,3,2,2,2,3,3,2,3,white,21,female 
R_3RggnOXAqDB6JEN,Dom,1,5,5,7,3,2,3,7,4,6,6,5,7,2,2,3,3,3,6,7,6,6,2,4,5,3,6,3,3,1,7,6,3,4,6,3,7,1,5,5,3,3,3,2,2,1,3,4,2,5,5,3,6,1,7,5,4,2,5,6,2,2,3,5,6,4,6,5,2,5,3,4,6,1,4,6,4,5,2,2,6,6,5,6,3,3,4,1,4,6,1,2,5,5,6,4,6,4,5,6,6,4,4,6,6,4,3,4,3,5,2,4,5,6,3,2,2,4,3,5,2,1,2,2,7,5,1,7,7,4,1,4,5,5,2,3,3,3,3,5,4,2,6,1,5,5,Caucasian,43,Female
R_6wZurRfLewPtawB,Dom,1,6,5,6,4,3,5,3,4,6,4,5,5,4,3,2,5,3,5,5,3,4,4,4,3,3,3,3,4,4,6,4,2,6,5,4,3,2,5,3,6,3,3,3,3,3,3,4,3,3,3,5,2,5,5,3,5,4,2,3,4,4,3,1,5,5,6,2,2,3,2,6,5,1,4,4,6,3,6,3,6,3,4,3,4,4,3,4,5,7,4,3,6,5,5,4,3,4,3,3,4,6,4,5,5,4,5,5,4,5,2,7,6,5,5,4,5,4,4,5,5,3,4,6,6,3,5,5,4,3,3,3,2,4,5,3,2,3,5,5,3,2,3,3,5,4,Caucasian,29,Male
R_79hIG8gZEHRJj01,Dom,1,5,4,7,4,1,4,2,6,6,4,7,4,6,6,6,5,6,1,5,5,1,1,4,2,5,4,3,2,5,6,5,3,5,6,1,6,1,4,7,4,6,1,6,5,3,4,4,3,7,2,3,3,5,7,5,3,4,3,4,1,3,1,4,2,1,4,2,1,2,1,7,7,1,6,7,7,4,5,5,4,5,3,5,3,3,3,4,3,6,4,1,7,4,1,6,6,4,4,7,5,7,5,7,6,2,7,2,3,5,3,5,7,6,7,4,3,5,2,3,3,1,6,2,5,2,4,5,6,3,3,2,3,5,4,5,3,6,5,5,4,3,3,1,6,3,Asian American ,25,Male
R_0AElcVmWVB60Ua9,Dom,1,3,3,3,3,3,3,4,3,3,3,4,4,4,3,3,4,3,3,4,4,2,2,2,4,3,4,3,4,4,3,3,2,3,5,3,3,2,3,3,4,4,3,4,3,3,3,3,3,4,2,4,2,3,3,3,2,3,2,2,3,4,2,2,4,3,2,3,2,3,2,2,3,1,3,3,2,3,3,3,3,3,3,3,3,3,3,3,2,3,3,3,3,3,3,3,3,4,3,3,4,3,4,3,3,4,3,4,3,4,2,3,2,2,2,3,2,2,2,2,2,2,2,2,4,2,4,3,3,3,4,3,3,4,4,3,3,4,3,3,3,2,2,3,4,4,white,33,male
R_9TBH3XXbJ4Re6Wh,Dom,1,6,4,6,3,2,5,4,4,3,4,4,5,3,3,6,4,3,2,3,4,2,3,4,2,5,6,6,4,4,6,4,3,6,4,5,2,1,5,3,4,4,2,1,3,2,3,4,3,3,3,4,4,2,6,3,4,2,1,2,4,3,2,4,2,3,3,1,1,2,1,5,3,1,4,5,4,3,3,4,4,4,3,5,4,4,4,5,6,4,3,4,5,4,5,4,3,3,6,5,4,4,5,7,4,4,4,3,3,3,2,5,2,3,2,3,3,2,2,3,2,1,3,2,4,3,2,4,4,5,2,3,3,3,4,2,5,2,2,3,1,2,2,1,3,3,White,25,Female
R_3f9A2RTVX8T3lml,Dom,1,3,3,3,3,3,4,4,3,2,4,3,5,4,3,3,3,2,3,6,3,1,4,2,3,2,3,3,2,2,4,3,2,3,2,4,2,3,4,2,3,2,3,3,3,3,4,4,4,3,4,3,4,3,3,2,3,2,2,1,3,3,2,1,2,2,1,1,2,2,2,3,2,1,4,2,3,6,5,7,6,2,3,2,3,2,5,4,2,6,3,5,5,5,4,4,4,4,4,3,4,4,5,4,3,3,4,3,4,3,6,3,5,2,2,2,2,2,5,2,7,6,6,6,2,3,5,2,4,3,3,4,4,3,3,4,4,4,3,4,5,3,3,4,4,4,african,21,male
R_02pu7ECoRHtez2d,Dom,1,7,2,4,2,4,5,5,2,6,6,5,4,3,2,2,4,4,3,4,5,3,2,4,4,6,6,3,3,3,7,6,2,2,4,3,5,1,6,3,3,3,5,6,2,4,4,4,2,6,4,3,6,3,6,4,4,3,3,3,2,6,2,3,2,5,2,4,1,5,2,5,2,1,6,5,6,3,1,3,6,5,5,6,4,4,4,4,2,4,3,2,5,3,3,3,3,4,3,2,3,2,4,7,4,3,5,3,6,3,2,4,3,2,3,2,3,4,3,5,4,2,6,6,5,4,3,4,4,2,4,1,2,2,5,2,2,2,5,4,4,2,2,1,3,5,white,29,female
R_0HUIRiAXA6oA1BX,Dom,1,5,6,7,5,3,5,6,6,6,6,5,6,4,6,4,4,4,4,7,7,6,5,4,4,4,7,5,3,5,7,7,3,4,7,5,6,5,7,4,4,5,4,5,4,5,4,5,3,5,5,5,6,5,6,6,1,2,4,4,5,4,1,1,2,3,3,3,3,3,1,7,3,1,7,6,7,6,6,5,7,4,4,6,6,4,5,5,6,4,4,3,6,4,5,6,4,4,6,4,5,6,6,6,4,3,4,3,4,6,4,6,4,4,4,3,3,4,4,4,3,4,5,5,5,5,4,6,4,5,4,3,6,4,6,5,4,5,5,4,4,3,4,3,4,5,White,34,Female
R_9MtL6HPFp6AOA8B,Dom,1,4,5,5,3,3,5,5,4,6,4,4,3,3,4,6,4,3,4,7,4,4,3,3,3,4,6,5,3,3,4,5,5,5,4,3,4,3,4,3,5,3,3,3,3,6,5,4,3,4,6,6,3,4,4,5,7,3,2,3,3,5,4,4,3,4,3,2,2,2,3,5,3,1,3,4,5,5,4,4,6,3,3,4,4,3,3,4,4,3,2,3,7,4,4,5,4,3,4,5,6,6,3,3,4,3,5,5,4,3,3,5,2,3,2,4,2,4,6,6,7,2,3,2,5,3,5,6,5,6,4,3,3,3,5,4,5,3,3,2,3,2,3,3,3,5,White,20,Female
R_eICAA0gQBpFf7Jr,Dom,1,5,5,3,3,2,4,5,5,4,3,5,5,3,3,3,4,2,3,4,4,2,4,3,3,5,5,4,4,4,5,4,2,5,4,4,4,1,4,4,2,4,3,4,3,2,2,3,2,6,2,5,5,2,5,6,2,3,3,2,3,3,2,3,4,5,2,1,2,3,1,5,3,1,5,4,5,5,4,4,4,4,4,5,4,5,4,4,4,5,2,2,6,4,4,4,4,3,5,5,5,4,5,5,4,4,4,5,4,4,3,5,4,4,4,3,4,4,4,4,5,2,5,4,6,5,3,5,3,4,3,2,2,3,4,2,4,3,5,4,2,2,2,2,4,3,caucasian,33,male
R_ai2PjiDNCb2ypOB,Dom,1,6,5,5,4,5,4,5,5,5,4,4,4,4,4,4,4,4,6,4,4,5,4,4,5,4,4,4,4,5,5,5,4,5,5,4,5,3,6,5,5,6,5,5,5,4,5,4,4,5,6,3,4,6,6,5,5,4,4,4,4,5,4,5,5,5,5,4,4,4,4,5,4,1,4,4,5,4,4,3,4,5,4,4,4,4,4,4,5,5,3,2,4,4,4,5,4,4,5,5,5,5,5,5,4,4,4,5,5,5,4,5,5,5,4,4,5,3,3,3,4,3,5,5,3,4,3,5,4,5,4,5,5,4,5,4,4,3,5,5,4,4,3,4,5,4,Caucasion,31,Female
R_abl82GMX779zLnL,Dom,1,6,7,4,4,3,5,2,1,1,1,2,7,7,1,6,2,1,2,1,2,3,2,2,2,1,2,2,2,1,1,2,1,1,1,7,2,7,7,5,7,7,7,7,7,7,4,7,5,1,2,7,6,5,7,5,7,6,6,4,7,6,6,7,6,6,5,6,5,4,4,7,4,1,2,2,2,2,2,2,4,2,2,2,2,3,2,2,2,2,2,2,5,3,3,2,1,2,1,2,1,7,6,7,7,2,1,1,1,1,6,5,4,5,6,5,5,5,5,6,6,6,4,5,6,6,5,5,7,6,7,7,7,7,7,7,5,6,7,6,7,3,5,1,7,7,latino,28,male
R_096bx3PkSQJrGfj,Dom,1,1,6,1,5,1,4,1,6,1,5,4,6,5,5,4,4,1,1,4,6,4,6,1,2,5,6,6,2,5,1,4,1,5,4,4,5,2,6,1,5,1,2,2,5,1,3,3,1,6,2,6,2,6,6,2,3,2,2,1,4,2,1,2,2,1,1,1,1,2,3,2,1,1,2,2,1,3,3,2,3,3,3,2,3,2,3,3,4,4,1,1,2,2,2,3,1,2,1,1,1,1,2,2,1,1,2,1,2,1,2,2,1,1,2,1,1,1,2,2,2,1,1,1,2,2,1,1,2,1,2,1,2,1,3,1,1,2,1,2,2,3,1,1,2,1,African American,32,Female
R_9od1am80b4wBWq9,Dom,1,6,4,5,4,3,4,4,4,5,4,4,5,4,4,3,5,4,4,4,4,5,4,3,4,4,5,4,3,5,6,4,5,3,4,4,5,2,4,4,3,3,4,2,3,3,2,3,3,3,3,2,3,4,5,4,3,3,3,3,4,4,3,2,3,4,4,4,2,3,2,2,3,1,3,4,5,4,4,5,4,4,3,3,4,4,4,3,4,4,4,4,4,4,4,4,4,4,4,3,4,4,4,4,4,4,3,4,4,3,2,3,3,2,2,3,4,4,3,4,3,3,3,3,3,4,2,3,3,3,3,2,3,2,3,3,3,2,5,2,2,2,3,2,2,3,Caucasian,19,Male
R_eXbmlHBLIaXD4ax,Dom,1,5,4,5,2,3,5,5,4,3,3,2,6,4,2,3,4,3,4,5,4,4,5,3,4,4,5,5,5,4,6,5,6,4,4,5,4,4,6,3,4,5,4,5,3,4,4,4,4,4,5,2,5,2,4,5,5,4,3,3,3,6,2,4,4,2,4,5,3,5,5,4,5,1,4,3,5,5,5,6,5,4,5,5,4,4,6,4,5,5,6,5,4,3,4,3,5,5,3,5,5,5,3,4,5,3,3,3,5,5,3,5,6,5,5,3,4,4,6,4,3,4,5,3,4,5,4,5,5,4,5,3,2,5,4,2,4,4,4,3,5,5,2,5,4,3,white,33,female
R_7U3cg0x9a41R4KV,Dom,1,7,6,7,6,3,7,6,7,7,6,6,7,6,7,6,2,5,2,7,5,6,4,2,4,6,6,6,5,4,7,6,5,4,5,4,6,2,6,5,6,4,7,6,4,4,4,4,4,6,2,4,6,6,7,7,2,2,2,2,2,2,2,2,4,2,6,3,2,4,1,3,6,1,5,3,6,5,4,4,5,5,5,5,3,6,4,5,4,4,3,2,7,5,4,7,5,4,5,6,7,4,6,7,5,5,6,4,5,6,2,6,2,5,4,3,5,4,3,3,2,1,2,1,6,2,4,6,6,5,2,2,2,4,4,3,2,2,5,5,1,3,3,2,6,2,White,43,Female
R_d9YIVEPRzVVw7mR,Dom,1,4,3,5,3,2,6,5,2,6,7,4,7,4,4,4,5,3,4,6,6,3,5,3,3,6,5,5,5,3,6,4,3,3,5,6,4,2,7,4,3,3,4,4,4,4,4,4,3,6,5,5,4,5,6,6,4,4,3,2,5,5,4,4,4,4,4,3,2,4,2,4,4,1,3,3,3,4,3,4,6,4,5,6,6,7,4,4,5,4,3,2,7,4,5,4,4,4,6,6,4,6,5,4,4,3,5,5,3,5,2,7,4,5,3,5,4,6,3,5,5,7,6,3,6,5,4,6,6,6,3,3,2,3,6,3,3,4,6,6,3,2,5,2,7,7,white,25,female
R_cGXarPoubL1zEIR,Dom,1,7,6,7,3,5,5,5,3,7,4,3,6,4,3,5,4,4,6,7,5,3,3,4,3,5,6,3,2,2,6,5,2,4,4,4,6,2,6,3,2,6,2,6,1,3,2,2,5,6,2,5,4,4,6,4,4,2,2,3,4,4,2,6,5,6,2,2,2,3,1,3,7,1,7,4,6,3,5,4,6,3,7,5,4,7,2,3,4,3,2,3,6,6,6,4,6,5,5,4,6,4,5,6,6,5,6,3,5,4,2,6,5,3,4,3,5,2,2,2,2,6,3,4,6,7,2,6,6,2,2,2,3,3,4,2,6,2,7,3,1,2,3,3,2,6,White,24,Female
R_5yH2Qvly4dJwSSV,Dom,1,6,2,5,3,1,3,4,2,5,3,4,2,1,3,2,4,1,2,4,4,3,3,2,2,3,4,4,2,3,5,2,3,3,3,3,2,1,4,3,3,2,2,3,2,2,2,2,2,3,3,4,4,4,5,2,3,1,2,3,2,3,2,3,2,4,2,1,1,3,1,4,2,1,2,2,3,2,1,2,2,2,3,3,3,2,1,2,2,2,1,2,4,1,3,3,2,2,4,3,1,1,2,3,1,2,2,1,1,3,1,2,1,1,2,1,2,3,3,2,2,1,2,2,3,2,1,2,1,4,1,1,2,1,2,1,2,2,1,2,2,1,2,1,4,2,Hispanic,25,Male
R_cO9knj9suvGJu05,Dom,1,4,3,5,2,3,2,4,2,5,3,4,3,2,3,3,3,4,3,4,2,2,2,2,3,3,3,3,2,2,5,2,2,2,2,2,3,2,4,3,3,4,4,4,3,3,3,3,3,4,3,4,4,3,4,2,2,2,3,2,2,2,2,2,2,2,3,3,3,3,2,2,3,1,4,4,4,4,4,3,4,4,4,5,5,5,4,4,3,4,5,4,6,5,5,3,4,4,5,6,5,5,5,6,4,3,5,4,5,6,4,5,4,4,5,4,5,4,4,4,4,4,5,5,6,5,5,6,5,5,5,4,5,4,6,5,5,5,4,5,5,5,5,4,4,5,CAUCASIAN,57,FEMALE
R_bgEoABWVqSqO5ZH,Dom,1,5,5,5,6,4,4,2,5,6,2,2,5,2,3,4,6,4,3,5,5,5,6,2,3,4,4,3,3,2,5,5,5,3,4,3,5,1,2,2,2,2,2,2,2,2,2,2,2,3,2,2,2,6,5,3,2,2,1,2,2,2,1,2,2,4,2,1,1,1,2,2,2,1,4,4,3,4,4,4,4,5,3,5,5,3,4,4,4,5,3,3,6,5,5,6,2,3,5,5,4,3,5,5,2,5,4,5,4,5,1,2,1,1,1,1,1,1,1,1,1,1,4,1,2,1,1,2,2,2,1,3,3,2,2,2,2,2,2,3,3,2,4,2,4,6,White,28,female
R_3FafzUfcNcfz8HP,Dom,1,4,5,4,1,4,4,5,3,5,6,5,7,3,2,5,4,1,1,6,6,3,4,2,5,5,3,7,5,4,4,5,3,3,3,1,4,1,6,5,6,4,5,1,6,4,3,5,4,6,5,5,4,7,7,4,2,1,1,1,1,5,4,2,6,1,2,2,1,4,1,1,1,1,5,5,3,4,3,6,6,4,5,5,4,3,2,2,3,5,1,1,7,5,4,4,2,6,5,5,4,3,3,5,1,2,2,3,5,4,1,5,1,4,2,2,1,5,4,3,4,2,5,1,4,2,1,6,3,6,1,1,1,3,6,5,1,5,5,1,1,1,5,1,5,1,White,56,Female
R_cMy5KdRbBIpAdH7,Dom,1,4,5,4,4,5,4,4,4,4,4,4,7,4,5,4,4,4,4,5,4,4,4,3,3,5,5,5,4,6,4,4,3,4,6,3,3,3,3,3,4,4,4,3,3,3,2,3,3,2,3,2,2,3,2,3,3,3,3,4,3,4,4,2,4,4,2,2,3,3,4,3,2,1,5,4,5,4,4,4,5,5,4,5,5,5,5,5,5,4,3,3,5,5,5,5,4,4,5,4,5,5,5,4,5,5,6,5,4,5,2,2,2,2,3,3,2,2,2,2,2,3,3,2,2,2,2,2,3,2,3,3,3,3,3,2,3,3,3,3,2,3,3,2,2,4,Asian,25,male
R_020Pz1SpTc4elXD,Dom,1,3,4,4,4,4,4,4,3,5,4,4,4,4,4,4,5,4,3,5,3,2,3,3,3,4,5,5,2,5,5,5,4,4,2,4,2,3,5,3,4,4,3,3,3,4,4,4,4,5,3,6,5,5,3,4,4,3,3,4,4,4,2,3,4,3,4,4,3,4,4,4,4,1,4,3,4,3,3,2,5,4,4,4,4,3,3,5,5,4,3,2,5,3,4,5,4,4,5,5,4,4,3,3,3,4,4,3,4,4,3,3,2,2,3,2,3,5,4,4,4,4,3,4,6,5,4,5,5,4,3,4,4,4,4,3,4,4,3,3,4,3,3,3,4,5,White,39,female
R_6JAsBaav7ym9JLD,Dom,1,3,5,4,4,4,4,3,2,4,3,3,4,5,3,5,4,4,5,3,5,4,4,3,4,5,4,5,4,5,5,3,3,4,4,4,5,2,4,3,4,4,5,2,5,3,2,4,4,5,3,3,3,4,4,4,5,3,3,5,3,5,3,5,3,3,3,3,3,5,1,2,4,1,6,6,5,5,4,4,3,4,4,3,5,5,5,5,4,5,3,4,4,4,5,4,4,4,3,5,4,4,4,3,4,3,4,4,5,5,5,4,4,2,3,3,3,4,3,3,5,2,5,5,5,3,5,5,3,3,4,4,2,4,4,2,4,3,5,4,2,2,3,2,5,3,Black,20,Male
R_9pfIJT8Us1X7cEt,Dom,1,7,6,5,2,7,5,4,5,7,3,3,7,5,6,2,3,2,3,5,7,4,3,3,5,5,5,3,4,4,5,4,4,3,4,3,6,3,5,6,4,1,6,1,2,5,4,4,4,4,7,4,4,2,6,6,6,2,2,3,4,5,4,2,4,7,6,5,4,5,2,2,6,1,6,6,6,4,6,3,7,5,5,4,4,5,3,4,3,4,3,2,3,3,3,4,5,3,3,3,4,3,3,3,5,6,2,3,4,3,3,7,5,2,1,4,2,4,5,5,1,5,6,5,7,6,4,6,5,3,3,2,3,5,6,3,3,5,4,6,2,2,3,1,6,5,Caucasian,28,Female
R_egGrydzCTAaFw57,Dom,1,5,5,7,4,2,5,6,4,5,5,5,4,5,4,6,5,3,3,5,5,5,5,5,6,6,6,6,6,6,6,5,3,6,5,5,6,5,6,6,6,5,5,6,4,4,6,3,5,5,5,5,6,6,6,6,5,3,5,4,4,6,5,6,5,5,3,3,3,5,3,6,6,1,6,6,6,5,6,5,5,5,5,7,7,5,5,5,4,5,4,4,6,3,6,4,5,5,3,4,5,5,4,6,6,6,5,5,5,5,4,6,3,3,4,4,4,4,4,4,5,5,5,6,6,6,4,6,5,3,5,5,3,4,5,5,6,6,6,5,4,4,5,3,6,6,white,35,male
R_8qqSUg9R36plUgJ,Dom,1,6,5,5,4,3,3,5,4,3,6,4,3,5,4,2,3,3,3,6,4,3,3,3,3,5,3,2,5,5,3,3,4,4,5,5,5,3,6,3,3,5,3,3,3,4,3,2,5,7,6,7,4,5,3,3,4,2,1,1,3,3,1,6,4,6,3,1,1,2,2,6,1,1,5,5,4,3,4,3,4,2,5,3,4,2,2,3,3,4,2,3,5,3,2,5,5,5,4,3,3,5,3,4,4,3,5,4,2,5,2,3,1,3,5,2,2,2,2,2,3,1,3,2,3,3,2,3,5,4,2,4,2,3,4,2,4,4,2,2,3,3,3,3,2,3,Asian,28,Male
R_0fvTXULVKF2kKOx,Dom,1,3,4,4,1,1,4,2,3,3,5,4,5,3,2,5,5,1,2,6,5,5,2,2,6,6,5,6,5,3,6,6,5,6,4,6,5,1,6,1,5,2,2,2,3,3,2,4,2,4,2,4,3,2,6,5,2,1,2,2,5,2,1,2,4,3,2,2,1,2,1,2,1,1,6,5,6,4,6,4,6,5,6,3,5,6,2,2,5,4,4,2,5,3,3,5,4,5,5,6,5,4,4,5,3,5,5,3,5,5,1,4,2,5,6,3,2,4,2,2,4,2,5,2,5,3,2,6,5,5,2,2,2,3,6,3,3,2,4,1,2,1,2,4,4,4,White,52,Male
R_7NxbXJ1O3zBH0sR,Dom,1,7,2,6,1,7,7,7,7,7,1,6,1,7,7,7,7,7,1,7,6,7,7,7,7,7,7,7,7,6,6,7,7,7,6,6,6,7,7,1,7,7,6,1,7,6,7,1,2,1,7,7,7,7,1,6,6,7,7,7,7,6,7,7,7,6,7,7,6,7,7,6,6,1,7,7,7,7,7,6,7,1,7,7,7,7,7,7,7,6,7,7,6,7,6,7,7,7,7,6,7,7,7,7,7,2,6,6,7,6,7,7,7,7,7,7,7,7,6,7,6,7,7,7,7,7,7,7,7,7,2,7,7,2,2,7,1,1,7,2,1,7,7,2,6,7,Hispanic,23,Female
R_8jBQP8giVtRqN5X,Dom,1,7,2,5,3,2,4,4,5,5,4,5,5,3,5,4,4,3,4,5,4,3,5,5,3,4,4,4,3,4,6,4,4,4,3,4,4,2,4,2,4,3,3,2,3,2,2,3,2,5,3,2,4,2,6,4,3,2,2,2,2,4,2,2,4,5,3,2,2,4,1,2,3,1,4,4,4,3,3,3,3,4,5,5,4,4,4,4,5,4,2,4,5,3,3,3,3,3,5,3,2,3,5,4,2,4,4,3,3,4,2,4,2,2,4,4,4,4,4,3,4,4,4,4,5,5,5,5,4,2,2,1,2,2,3,2,3,2,2,4,2,1,2,2,3,4,White,35,Female
R_8jrMkQFUMLcZooJ,Dom,1,4,3,3,2,2,2,3,4,2,2,3,4,2,2,3,4,2,2,5,3,2,2,3,3,4,4,1,3,4,6,3,3,3,4,5,3,2,2,3,2,3,3,4,2,2,3,2,2,3,2,3,3,2,5,4,2,1,2,1,2,3,1,1,3,4,3,2,1,3,2,4,2,1,5,3,4,5,4,4,6,5,3,5,5,3,4,5,4,4,3,2,5,2,2,5,3,2,3,4,4,3,2,5,3,4,2,3,2,2,2,4,3,3,2,3,3,3,2,2,2,2,3,3,4,3,3,3,5,2,2,3,2,3,3,2,2,2,2,3,2,2,4,2,4,3,white,49,male
R_4SXmxAXuiu1tk0t,Dom,1,6,4,6,4,5,4,3,6,5,4,5,4,4,5,5,5,6,5,6,5,5,6,6,4,5,6,5,5,6,6,5,6,6,5,5,6,3,4,4,3,3,2,5,4,3,3,4,2,3,3,4,6,4,6,5,4,3,2,4,3,2,3,7,4,3,6,6,4,4,3,4,6,1,6,5,6,5,5,5,7,5,5,6,6,6,7,7,7,7,5,6,6,5,4,5,5,4,5,4,5,4,6,6,6,5,3,4,4,4,4,5,3,3,3,3,4,6,4,4,4,3,3,5,6,7,6,7,5,3,3,3,3,2,2,3,4,3,3,3,2,2,3,3,3,4,white,45,male
R_6nZVFcSmYUIMGPj,Dom,1,7,6,7,7,7,7,7,7,7,7,7,7,7,7,7,7,7,7,7,7,7,7,7,7,7,7,7,7,7,7,7,7,7,7,3,7,2,7,2,3,3,1,2,2,3,2,1,3,2,3,4,7,3,2,2,2,1,2,3,2,1,1,2,2,4,2,1,2,2,1,1,2,1,7,7,7,7,7,7,7,7,7,7,7,7,7,7,7,7,7,7,7,7,7,7,7,5,7,7,6,7,7,7,7,7,6,7,7,7,1,3,2,2,1,1,1,2,2,2,1,2,1,1,1,1,1,2,2,3,2,3,1,7,2,3,2,2,2,3,2,2,1,2,2,2,white,20,female
R_1BP0NAMmNhcguDb,Dom,1,5,5,5,4,3,4,4,4,5,3,5,5,4,4,5,4,4,3,5,4,3,4,4,4,4,5,3,5,3,5,4,3,4,4,3,4,3,5,5,5,4,4,3,4,4,3,4,4,4,4,4,3,3,5,4,4,2,3,3,3,4,3,1,4,4,2,2,2,2,2,2,2,1,4,3,4,4,5,5,5,4,4,4,4,5,3,4,4,4,5,5,6,4,4,5,4,4,5,4,5,5,4,4,4,4,5,4,4,4,3,3,3,3,2,4,4,4,4,4,3,2,4,4,4,4,4,5,4,4,4,3,2,4,5,4,4,4,5,4,4,3,3,3,4,4,white,49,female
R_egMf44ifFXaLs5D,Dom,1,4,3,3,3,3,2,3,2,2,2,2,3,3,2,2,2,3,1,3,1,1,2,2,4,3,3,3,1,2,4,2,3,3,2,1,3,1,2,1,4,2,3,3,3,2,3,3,3,1,2,3,2,2,2,3,2,1,2,2,2,2,1,3,1,2,1,1,2,2,1,2,2,1,3,2,2,3,1,1,1,2,1,2,2,2,3,1,2,1,3,2,3,1,3,1,1,2,3,2,3,2,3,2,3,3,3,2,2,2,2,3,3,2,2,2,2,2,2,1,2,2,2,4,2,3,2,3,2,2,2,3,2,3,2,1,3,1,1,3,1,1,3,1,3,3,African American,42,Female
R_0ogIN85RCwNXGqF,Dom,1,2,2,1,3,5,6,2,6,4,7,7,6,1,7,1,1,1,2,1,2,2,2,2,1,2,2,2,1,1,2,2,2,2,2,2,5,1,6,2,1,2,3,1,6,1,2,1,1,5,2,1,2,1,6,2,2,2,2,2,1,2,2,2,1,1,1,2,2,2,2,2,2,1,6,6,6,3,2,4,5,4,5,4,5,4,4,4,4,4,4,2,1,2,1,1,7,1,6,3,2,2,1,7,1,1,1,3,6,1,4,4,4,4,5,4,4,4,3,4,3,3,3,4,4,3,5,4,3,1,1,2,1,2,2,6,3,3,3,5,4,5,2,1,7,7,black,23,female
R_9zZXZqJ5EWlb8Nv,Dom,1,3,3,4,2,3,3,3,2,3,3,3,3,3,3,3,3,3,1,3,3,3,3,3,2,3,3,3,1,3,3,3,3,2,3,1,3,3,4,3,3,4,2,1,2,3,1,3,2,4,1,1,3,2,4,1,1,3,1,1,1,2,2,3,3,1,3,1,2,1,1,1,1,1,3,3,3,3,3,3,3,3,2,2,3,3,3,3,3,3,2,1,3,3,3,3,3,3,3,3,3,4,3,2,3,3,3,3,3,3,2,2,2,3,3,2,2,2,2,3,3,2,2,1,1,3,1,1,3,4,2,2,1,2,2,3,3,2,4,2,3,2,1,2,2,4,White,24,Female
R_8v00PVIpIEXwAiV,Dom,1,6,5,7,3,7,3,7,3,7,5,4,5,3,4,3,4,4,3,7,6,4,3,3,7,7,7,4,4,3,6,4,3,3,7,7,7,2,5,4,5,5,5,4,4,7,3,3,4,7,4,3,6,3,7,4,4,7,6,7,5,7,7,4,5,3,3,4,2,5,4,3,4,1,7,4,6,3,3,4,7,3,7,4,5,7,3,2,2,6,4,4,7,4,4,3,4,5,4,7,3,3,2,4,4,4,3,4,5,6,3,2,3,5,7,4,3,2,3,4,3,7,6,5,4,7,7,7,2,4,3,7,6,7,3,6,3,3,7,5,3,4,4,4,5,3,white,62,female
